user_id,_AU,_BR,_CA,_DE,_FR,_JP,_NZ,_SE,_UK,_US
1,0.1,0.0,0.1,0.1,0.0,0.0,0.0,0.1,0.1,0.5
2,0.1,0.1,0.1,0.0,0.1,0.0,0.0,0.1,0.1,0.4
3,0.1,0.0,0.1,0.1,0.1,0.0,0.0,0.0,0.1,0.5
4,0.1,0.0,0.1,0.0,0.1,0.0,0.0,0.1,0.1,0.5
5,0.1,0.0,0.1,0.0,0.1,0.0,0.0,0.1,0.1,0.5
6,0.1,0.0,0.1,0.0,0.0,0.0,0.0,0.1,0.2,0.5
7,0.1,0.0,0.1,0.0,0.1,0.0,0.0,0.1,0.1,0.5
8,0.1,0.1,0.1,0.1,0.0,0.0,0.0,0.1,0.1,0.4
9,0.1,0.1,0.1,0.0,0.1,0.0,0.0,0.1,0.1,0.4
11,0.1,0.0,0.1,0.1,0.1,0.0,0.0,0.1,0.1,0.4
12,0.1,0.0,0.1,0.1,0.0,0.0,0.0,0.1,0.1,0.5
14,0.1,0.0,0.1,0.1,0.0,0.0,0.0,0.0,0.1,0.6
15,0.1,0.0,0.1,0.1,0.0,0.0,0.0,0.0,0.2,0.5
16,0.1,0.0,0.1,0.1,0.1,0.0,0.0,0.1,0.1,0.4
17,0.1,0.0,0.1,0.1,0.0,0.0,0.0,0.0,0.2,0.5
18,0.1,0.0,0.1,0.0,0.0,0.0,0.0,0.1,0.2,0.5
19,0.1,0.0,0.1,0.1,0.0,0.0,0.0,0.0,0.2,0.5
20,0.1,0.0,0.1,0.0,0.1,0.0,0.0,0.0,0.2,0.5
21,0.0,0.1,0.1,0.0,0.1,0.0,0.0,0.0,0.2,0.5
22,0.1,0.1,0.1,0.0,0.1,0.0,0.0,0.1,0.1,0.4
23,0.1,0.1,0.1,0.0,0.1,0.0,0.0,0.1,0.1,0.4
24,0.1,0.0,0.1,0.1,0.0,0.0,0.0,0.1,0.1,0.5
25,0.1,0.0,0.1,0.1,0.0,0.0,0.0,0.1,0.1,0.5
26,0.1,0.0,0.1,0.0,0.1,0.0,0.0,0.1,0.1,0.5
27,0.1,0.0,0.1,0.1,0.1,0.0,0.0,0.1,0.1,0.4
28,0.1,0.1,0.1,0.0,0.1,0.0,0.0,0.1,0.1,0.4
29,0.1,0.0,0.1,0.1,0.1,0.0,0.0,0.1,0.1,0.4
30,0.1,0.0,0.1,0.1,0.0,0.0,0.0,0.0,0.2,0.5
31,0.1,0.0,0.1,0.1,0.0,0.0,0.0,0.1,0.1,0.5
32,0.1,0.0,0.1,0.1,0.0,0.0,0.0,0.1,0.1,0.5
33,0.1,0.0,0.1,0.0,0.0,0.0,0.0,0.1,0.2,0.5
34,0.1,0.0,0.1,0.1,0.1,0.0,0.0,0.1,0.1,0.4
35,0.1,0.0,0.1,0.1,0.1,0.0,0.0,0.1,0.1,0.4
36,0.1,0.1,0.1,0.1,0.0,0.0,0.0,0.1,0.1,0.4
37,0.1,0.1,0.1,0.0,0.0,0.0,0.0,0.1,0.1,0.5
38,0.1,0.1,0.1,0.0,0.0,0.0,0.0,0.1,0.1,0.5
39,0.1,0.0,0.1,0.1,0.1,0.0,0.0,0.1,0.1,0.4
40,0.1,0.0,0.1,0.1,0.1,0.0,0.0,0.1,0.1,0.4
41,0.1,0.0,0.1,0.1,0.1,0.0,0.0,0.1,0.1,0.4
42,0.1,0.0,0.1,0.1,0.1,0.0,0.0,0.1,0.1,0.4
43,0.1,0.0,0.1,0.1,0.1,0.0,0.0,0.1,0.1,0.4
44,0.1,0.0,0.1,0.1,0.0,0.0,0.0,0.1,0.1,0.5
45,0.1,0.1,0.1,0.0,0.1,0.0,0.0,0.0,0.1,0.5
47,0.1,0.1,0.1,0.0,0.1,0.0,0.0,0.1,0.1,0.4
48,0.1,0.0,0.1,0.1,0.1,0.0,0.0,0.1,0.1,0.4
49,0.1,0.0,0.1,0.1,0.1,0.0,0.0,0.0,0.1,0.5
50,0.1,0.0,0.1,0.0,0.1,0.0,0.0,0.1,0.1,0.5
51,0.1,0.0,0.1,0.0,0.1,0.0,0.0,0.1,0.1,0.5
52,0.1,0.0,0.1,0.1,0.1,0.0,0.0,0.0,0.1,0.5
53,0.1,0.0,0.1,0.1,0.0,0.0,0.0,0.0,0.2,0.5
54,0.1,0.0,0.1,0.0,0.1,0.0,0.0,0.1,0.1,0.5
55,0.1,0.0,0.1,0.1,0.1,0.0,0.0,0.1,0.1,0.4
56,0.1,0.0,0.1,0.1,0.1,0.0,0.0,0.1,0.1,0.4
57,0.1,0.1,0.1,0.0,0.1,0.0,0.0,0.1,0.1,0.4
58,0.1,0.0,0.1,0.0,0.1,0.0,0.0,0.1,0.1,0.5
60,0.1,0.0,0.1,0.1,0.1,0.0,0.0,0.1,0.1,0.4
61,0.1,0.1,0.1,0.0,0.1,0.0,0.0,0.0,0.2,0.4
62,0.1,0.1,0.1,0.0,0.0,0.0,0.0,0.1,0.1,0.5
64,0.1,0.0,0.1,0.1,0.0,0.0,0.0,0.1,0.1,0.5
65,0.1,0.0,0.1,0.1,0.0,0.0,0.0,0.1,0.1,0.5
66,0.1,0.0,0.1,0.1,0.1,0.0,0.0,0.1,0.1,0.4
67,0.1,0.0,0.1,0.1,0.0,0.0,0.0,0.0,0.2,0.5
68,0.1,0.0,0.1,0.1,0.0,0.0,0.0,0.0,0.2,0.5
69,0.0,0.1,0.1,0.0,0.1,0.0,0.0,0.1,0.1,0.5
70,0.1,0.0,0.1,0.1,0.1,0.0,0.0,0.1,0.1,0.4
71,0.0,0.1,0.1,0.0,0.1,0.0,0.0,0.0,0.1,0.6
72,0.1,0.0,0.1,0.1,0.0,0.0,0.0,0.1,0.1,0.5
73,0.1,0.0,0.1,0.1,0.1,0.0,0.0,0.1,0.1,0.4
74,0.1,0.0,0.1,0.1,0.1,0.0,0.0,0.1,0.1,0.4
75,0.1,0.0,0.1,0.0,0.1,0.0,0.0,0.1,0.1,0.5
76,0.1,0.0,0.1,0.0,0.1,0.0,0.0,0.1,0.1,0.5
77,0.1,0.1,0.1,0.0,0.1,0.0,0.0,0.1,0.1,0.4
78,0.1,0.0,0.1,0.1,0.1,0.0,0.0,0.1,0.1,0.4
79,0.1,0.0,0.1,0.1,0.1,0.0,0.0,0.1,0.1,0.4
80,0.1,0.0,0.1,0.1,0.1,0.0,0.0,0.1,0.1,0.4
81,0.1,0.0,0.1,0.1,0.1,0.0,0.0,0.1,0.1,0.4
82,0.1,0.0,0.1,0.1,0.1,0.0,0.0,0.1,0.1,0.4
83,0.1,0.0,0.1,0.1,0.1,0.0,0.0,0.1,0.1,0.4
84,0.1,0.0,0.1,0.1,0.1,0.0,0.0,0.0,0.1,0.5
85,0.1,0.1,0.1,0.0,0.1,0.0,0.0,0.1,0.1,0.4
86,0.1,0.1,0.1,0.0,0.0,0.0,0.0,0.1,0.1,0.5
87,0.1,0.0,0.1,0.1,0.1,0.0,0.0,0.0,0.1,0.5
88,0.1,0.0,0.1,0.1,0.0,0.0,0.0,0.1,0.1,0.5
89,0.1,0.0,0.1,0.1,0.0,0.0,0.0,0.1,0.1,0.5
90,0.1,0.1,0.1,0.0,0.0,0.0,0.0,0.1,0.1,0.5
91,0.1,0.0,0.1,0.0,0.1,0.0,0.0,0.1,0.1,0.5
92,0.1,0.0,0.1,0.1,0.0,0.0,0.0,0.1,0.1,0.5
93,0.1,0.0,0.1,0.1,0.1,0.0,0.0,0.1,0.1,0.4
94,0.1,0.1,0.1,0.1,0.0,0.0,0.0,0.1,0.1,0.4
95,0.1,0.0,0.1,0.1,0.0,0.0,0.0,0.1,0.1,0.5
96,0.1,0.0,0.1,0.1,0.1,0.0,0.0,0.1,0.1,0.4
97,0.1,0.0,0.1,0.1,0.1,0.0,0.0,0.1,0.1,0.4
98,0.0,0.1,0.1,0.0,0.1,0.0,0.0,0.1,0.1,0.5
99,0.1,0.0,0.1,0.1,0.0,0.0,0.0,0.0,0.2,0.5
100,0.0,0.1,0.1,0.0,0.0,0.1,0.0,0.0,0.2,0.5
101,0.1,0.1,0.1,0.0,0.0,0.0,0.0,0.1,0.1,0.5
102,0.1,0.0,0.1,0.0,0.0,0.0,0.0,0.1,0.2,0.5
103,0.1,0.0,0.1,0.0,0.1,0.0,0.0,0.1,0.1,0.5
104,0.1,0.0,0.1,0.1,0.1,0.0,0.0,0.1,0.1,0.4
105,0.1,0.0,0.1,0.0,0.1,0.0,0.0,0.1,0.1,0.5
106,0.1,0.0,0.1,0.0,0.0,0.0,0.0,0.1,0.2,0.5
107,0.1,0.1,0.1,0.0,0.0,0.0,0.0,0.1,0.1,0.5
108,0.1,0.0,0.1,0.1,0.0,0.0,0.0,0.1,0.1,0.5
110,0.1,0.0,0.1,0.1,0.0,0.0,0.0,0.1,0.1,0.5
111,0.1,0.0,0.1,0.0,0.1,0.0,0.0,0.1,0.1,0.5
112,0.1,0.0,0.1,0.1,0.1,0.0,0.0,0.1,0.1,0.4
113,0.1,0.0,0.1,0.0,0.1,0.0,0.0,0.1,0.1,0.5
115,0.1,0.0,0.1,0.1,0.1,0.0,0.0,0.1,0.1,0.4
116,0.1,0.0,0.1,0.1,0.0,0.0,0.0,0.1,0.1,0.5
117,0.1,0.0,0.1,0.1,0.0,0.0,0.0,0.1,0.1,0.5
118,0.1,0.0,0.1,0.0,0.1,0.0,0.0,0.1,0.1,0.5
119,0.1,0.0,0.1,0.0,0.0,0.0,0.0,0.1,0.2,0.5
120,0.1,0.0,0.1,0.1,0.1,0.0,0.0,0.1,0.1,0.4
121,0.1,0.0,0.1,0.0,0.0,0.0,0.0,0.0,0.2,0.6
123,0.1,0.0,0.1,0.0,0.1,0.0,0.0,0.1,0.1,0.5
124,0.1,0.0,0.1,0.1,0.1,0.0,0.0,0.1,0.1,0.4
125,0.1,0.1,0.1,0.0,0.1,0.0,0.0,0.1,0.1,0.4
126,0.1,0.0,0.1,0.0,0.1,0.0,0.0,0.1,0.1,0.5
127,0.1,0.0,0.1,0.1,0.1,0.0,0.0,0.1,0.1,0.4
128,0.1,0.0,0.1,0.0,0.1,0.0,0.0,0.1,0.1,0.5
129,0.1,0.0,0.1,0.0,0.1,0.0,0.0,0.1,0.1,0.5
130,0.1,0.0,0.1,0.1,0.1,0.0,0.0,0.0,0.1,0.5
131,0.1,0.1,0.1,0.0,0.1,0.0,0.0,0.1,0.1,0.4
132,0.1,0.0,0.1,0.1,0.1,0.0,0.0,0.0,0.1,0.5
133,0.1,0.1,0.1,0.0,0.0,0.0,0.0,0.1,0.1,0.5
134,0.1,0.0,0.1,0.1,0.1,0.0,0.0,0.1,0.1,0.4
135,0.1,0.0,0.1,0.1,0.1,0.0,0.0,0.1,0.1,0.4
136,0.1,0.0,0.1,0.1,0.1,0.0,0.0,0.1,0.1,0.4
137,0.1,0.0,0.1,0.1,0.1,0.0,0.0,0.0,0.1,0.5
138,0.1,0.0,0.1,0.0,0.0,0.0,0.0,0.1,0.2,0.5
140,0.1,0.0,0.1,0.0,0.1,0.0,0.0,0.1,0.1,0.5
141,0.1,0.0,0.1,0.1,0.1,0.0,0.0,0.1,0.1,0.4
142,0.1,0.1,0.1,0.0,0.1,0.0,0.0,0.0,0.1,0.5
143,0.1,0.0,0.1,0.0,0.1,0.0,0.0,0.1,0.1,0.5
144,0.1,0.0,0.1,0.1,0.0,0.0,0.0,0.1,0.1,0.5
145,0.1,0.1,0.1,0.0,0.0,0.0,0.0,0.1,0.1,0.5
146,0.1,0.0,0.1,0.0,0.1,0.0,0.0,0.1,0.1,0.5
147,0.1,0.0,0.1,0.1,0.1,0.0,0.0,0.1,0.1,0.4
148,0.1,0.0,0.1,0.1,0.0,0.0,0.0,0.1,0.1,0.5
149,0.1,0.0,0.1,0.1,0.1,0.0,0.0,0.1,0.1,0.4
150,0.1,0.1,0.1,0.0,0.0,0.0,0.0,0.1,0.1,0.5
151,0.1,0.1,0.1,0.0,0.1,0.0,0.0,0.1,0.1,0.4
152,0.1,0.0,0.1,0.1,0.1,0.0,0.0,0.1,0.1,0.4
153,0.1,0.1,0.1,0.0,0.1,0.0,0.0,0.1,0.1,0.4
154,0.0,0.1,0.1,0.1,0.1,0.0,0.0,0.1,0.1,0.4
155,0.1,0.0,0.1,0.1,0.0,0.0,0.0,0.1,0.1,0.5
156,0.1,0.0,0.1,0.1,0.1,0.0,0.0,0.1,0.1,0.4
157,0.1,0.0,0.1,0.1,0.1,0.0,0.0,0.1,0.1,0.4
158,0.1,0.0,0.1,0.1,0.1,0.0,0.0,0.1,0.1,0.4
159,0.1,0.0,0.1,0.1,0.1,0.0,0.0,0.1,0.1,0.4
160,0.1,0.0,0.1,0.1,0.1,0.0,0.0,0.1,0.1,0.4
161,0.1,0.0,0.1,0.1,0.1,0.0,0.0,0.1,0.1,0.4
162,0.1,0.0,0.1,0.1,0.1,0.0,0.0,0.1,0.1,0.4
163,0.1,0.0,0.1,0.1,0.1,0.0,0.0,0.0,0.2,0.4
164,0.1,0.0,0.1,0.1,0.1,0.0,0.0,0.1,0.1,0.4
165,0.1,0.0,0.1,0.0,0.1,0.0,0.0,0.1,0.1,0.5
166,0.1,0.0,0.1,0.0,0.1,0.0,0.0,0.1,0.1,0.5
167,0.1,0.0,0.1,0.1,0.1,0.0,0.0,0.1,0.1,0.4
168,0.1,0.0,0.1,0.1,0.1,0.0,0.0,0.1,0.1,0.4
169,0.1,0.0,0.1,0.1,0.0,0.0,0.0,0.0,0.2,0.5
170,0.1,0.0,0.1,0.1,0.1,0.0,0.0,0.0,0.1,0.5
171,0.1,0.0,0.1,0.1,0.1,0.0,0.0,0.0,0.1,0.5
172,0.1,0.0,0.1,0.1,0.0,0.0,0.0,0.0,0.2,0.5
173,0.1,0.0,0.1,0.1,0.1,0.0,0.0,0.1,0.1,0.4
174,0.0,0.1,0.1,0.0,0.1,0.0,0.0,0.0,0.2,0.5
175,0.1,0.0,0.1,0.1,0.1,0.0,0.0,0.1,0.1,0.4
176,0.1,0.0,0.1,0.1,0.1,0.0,0.0,0.1,0.1,0.4
177,0.1,0.0,0.1,0.1,0.0,0.0,0.0,0.1,0.2,0.4
178,0.1,0.0,0.1,0.1,0.1,0.0,0.0,0.1,0.1,0.4
179,0.1,0.0,0.1,0.1,0.0,0.0,0.0,0.1,0.1,0.5
181,0.1,0.1,0.1,0.0,0.0,0.0,0.0,0.1,0.1,0.5
182,0.1,0.0,0.1,0.1,0.0,0.0,0.0,0.1,0.1,0.5
183,0.1,0.0,0.1,0.1,0.0,0.0,0.0,0.1,0.2,0.4
184,0.1,0.0,0.1,0.1,0.0,0.0,0.0,0.1,0.1,0.5
185,0.1,0.0,0.1,0.0,0.1,0.0,0.0,0.1,0.1,0.5
186,0.1,0.0,0.1,0.0,0.0,0.0,0.0,0.0,0.2,0.6
187,0.1,0.0,0.1,0.0,0.0,0.0,0.0,0.1,0.2,0.5
188,0.1,0.0,0.1,0.1,0.0,0.0,0.0,0.1,0.1,0.5
189,0.1,0.0,0.1,0.1,0.1,0.0,0.0,0.1,0.1,0.4
190,0.1,0.0,0.1,0.0,0.1,0.0,0.0,0.1,0.1,0.5
191,0.1,0.0,0.1,0.1,0.1,0.0,0.0,0.1,0.1,0.4
192,0.0,0.1,0.1,0.0,0.1,0.0,0.0,0.0,0.2,0.5
193,0.1,0.0,0.1,0.0,0.1,0.0,0.0,0.1,0.1,0.5
194,0.1,0.0,0.1,0.1,0.0,0.0,0.0,0.1,0.1,0.5
196,0.1,0.1,0.1,0.0,0.1,0.0,0.0,0.1,0.1,0.4
198,0.1,0.0,0.1,0.1,0.1,0.0,0.0,0.1,0.1,0.4
199,0.1,0.0,0.1,0.1,0.1,0.0,0.0,0.1,0.1,0.4
200,0.1,0.0,0.1,0.0,0.1,0.0,0.0,0.1,0.1,0.5
201,0.1,0.0,0.1,0.1,0.1,0.0,0.0,0.1,0.1,0.4
202,0.1,0.0,0.1,0.1,0.1,0.0,0.0,0.1,0.1,0.4
203,0.1,0.1,0.1,0.0,0.0,0.0,0.0,0.1,0.1,0.5
204,0.1,0.0,0.1,0.1,0.0,0.0,0.0,0.1,0.1,0.5
205,0.1,0.0,0.1,0.1,0.1,0.0,0.0,0.1,0.1,0.4
206,0.1,0.1,0.1,0.0,0.1,0.0,0.0,0.1,0.1,0.4
207,0.1,0.0,0.1,0.1,0.1,0.0,0.0,0.1,0.1,0.4
209,0.1,0.1,0.1,0.0,0.1,0.0,0.0,0.1,0.1,0.4
210,0.1,0.0,0.1,0.1,0.0,0.0,0.0,0.1,0.1,0.5
211,0.1,0.0,0.1,0.0,0.1,0.0,0.0,0.0,0.2,0.5
212,0.1,0.0,0.1,0.1,0.1,0.0,0.0,0.1,0.1,0.4
213,0.1,0.0,0.1,0.1,0.0,0.0,0.0,0.1,0.1,0.5
214,0.1,0.0,0.1,0.1,0.0,0.0,0.0,0.0,0.2,0.5
215,0.1,0.1,0.1,0.0,0.0,0.0,0.0,0.1,0.1,0.5
216,0.1,0.0,0.1,0.1,0.1,0.0,0.0,0.1,0.1,0.4
217,0.1,0.0,0.1,0.0,0.0,0.0,0.0,0.1,0.2,0.5
218,0.1,0.0,0.0,0.0,0.0,0.0,0.0,0.1,0.2,0.6
219,0.1,0.0,0.1,0.1,0.1,0.0,0.0,0.1,0.1,0.4
220,0.1,0.0,0.1,0.0,0.1,0.0,0.0,0.1,0.1,0.5
221,0.1,0.0,0.1,0.1,0.0,0.0,0.0,0.1,0.1,0.5
223,0.1,0.0,0.1,0.1,0.0,0.0,0.0,0.1,0.1,0.5
224,0.1,0.1,0.1,0.0,0.1,0.0,0.0,0.1,0.1,0.4
225,0.1,0.0,0.1,0.0,0.1,0.0,0.0,0.1,0.1,0.5
226,0.0,0.0,0.1,0.0,0.0,0.1,0.0,0.0,0.2,0.6
227,0.1,0.0,0.1,0.0,0.1,0.0,0.0,0.1,0.1,0.5
228,0.1,0.1,0.1,0.0,0.0,0.0,0.0,0.1,0.1,0.5
229,0.1,0.0,0.1,0.0,0.1,0.0,0.0,0.1,0.1,0.5
230,0.1,0.0,0.1,0.0,0.1,0.0,0.0,0.1,0.1,0.5
231,0.1,0.0,0.1,0.0,0.1,0.0,0.0,0.1,0.1,0.5
232,0.1,0.0,0.1,0.1,0.1,0.0,0.0,0.1,0.1,0.4
233,0.1,0.0,0.1,0.0,0.1,0.0,0.0,0.1,0.2,0.4
234,0.1,0.0,0.1,0.1,0.1,0.0,0.0,0.1,0.1,0.4
235,0.1,0.0,0.1,0.1,0.1,0.0,0.0,0.1,0.1,0.4
236,0.1,0.1,0.1,0.1,0.0,0.0,0.0,0.1,0.1,0.4
237,0.1,0.0,0.1,0.1,0.0,0.0,0.0,0.1,0.1,0.5
238,0.1,0.1,0.1,0.0,0.1,0.0,0.0,0.1,0.1,0.4
239,0.1,0.0,0.1,0.1,0.1,0.0,0.0,0.1,0.1,0.4
240,0.1,0.0,0.1,0.0,0.1,0.0,0.0,0.1,0.1,0.5
241,0.1,0.0,0.1,0.1,0.1,0.0,0.0,0.1,0.1,0.4
242,0.1,0.0,0.1,0.0,0.1,0.0,0.0,0.1,0.1,0.5
243,0.1,0.1,0.1,0.0,0.1,0.0,0.0,0.1,0.1,0.4
245,0.1,0.0,0.1,0.0,0.1,0.0,0.0,0.1,0.1,0.5
246,0.1,0.0,0.1,0.1,0.1,0.0,0.0,0.1,0.1,0.4
247,0.1,0.0,0.1,0.0,0.1,0.0,0.0,0.1,0.1,0.5
248,0.1,0.0,0.1,0.1,0.1,0.0,0.0,0.1,0.1,0.4
249,0.1,0.0,0.1,0.1,0.1,0.0,0.0,0.1,0.1,0.4
250,0.1,0.0,0.1,0.1,0.0,0.0,0.0,0.1,0.1,0.5
251,0.1,0.0,0.1,0.0,0.1,0.0,0.0,0.1,0.1,0.5
252,0.1,0.0,0.1,0.0,0.0,0.0,0.0,0.1,0.2,0.5
253,0.1,0.0,0.1,0.1,0.0,0.0,0.0,0.1,0.1,0.5
254,0.1,0.0,0.1,0.0,0.1,0.0,0.0,0.1,0.1,0.5
256,0.1,0.0,0.1,0.1,0.1,0.0,0.0,0.1,0.1,0.4
257,0.0,0.1,0.1,0.0,0.1,0.0,0.0,0.1,0.1,0.5
258,0.1,0.0,0.1,0.1,0.0,0.0,0.0,0.1,0.1,0.5
259,0.1,0.0,0.1,0.1,0.1,0.0,0.0,0.1,0.1,0.4
261,0.1,0.0,0.1,0.1,0.0,0.0,0.0,0.1,0.1,0.5
262,0.1,0.0,0.1,0.0,0.1,0.0,0.0,0.1,0.1,0.5
263,0.1,0.0,0.1,0.0,0.1,0.0,0.0,0.1,0.1,0.5
264,0.1,0.0,0.1,0.0,0.1,0.0,0.0,0.1,0.1,0.5
265,0.1,0.0,0.1,0.1,0.0,0.0,0.0,0.1,0.1,0.5
266,0.1,0.0,0.1,0.1,0.1,0.0,0.0,0.1,0.1,0.4
267,0.1,0.0,0.1,0.0,0.0,0.0,0.0,0.1,0.2,0.5
268,0.1,0.0,0.1,0.1,0.1,0.0,0.0,0.0,0.1,0.5
269,0.1,0.0,0.1,0.1,0.1,0.0,0.0,0.1,0.1,0.4
270,0.1,0.0,0.1,0.0,0.0,0.0,0.0,0.1,0.2,0.5
271,0.1,0.0,0.1,0.1,0.0,0.0,0.0,0.1,0.1,0.5
272,0.1,0.0,0.1,0.1,0.1,0.0,0.0,0.1,0.1,0.4
273,0.1,0.0,0.1,0.0,0.1,0.0,0.0,0.1,0.1,0.5
274,0.1,0.0,0.1,0.1,0.1,0.0,0.0,0.1,0.1,0.4
275,0.1,0.0,0.1,0.1,0.1,0.0,0.0,0.1,0.1,0.4
276,0.1,0.0,0.1,0.1,0.1,0.0,0.0,0.1,0.1,0.4
277,0.1,0.1,0.1,0.0,0.1,0.0,0.0,0.1,0.1,0.4
278,0.1,0.1,0.1,0.0,0.1,0.0,0.0,0.1,0.1,0.4
279,0.1,0.1,0.1,0.0,0.0,0.0,0.0,0.1,0.1,0.5
280,0.1,0.1,0.1,0.0,0.1,0.0,0.0,0.1,0.1,0.4
281,0.1,0.0,0.1,0.0,0.1,0.0,0.0,0.1,0.1,0.5
282,0.1,0.0,0.1,0.1,0.1,0.0,0.0,0.1,0.1,0.4
284,0.1,0.0,0.1,0.0,0.1,0.0,0.0,0.1,0.1,0.5
286,0.1,0.0,0.1,0.1,0.1,0.0,0.0,0.1,0.1,0.4
287,0.1,0.1,0.1,0.1,0.0,0.0,0.0,0.1,0.1,0.4
288,0.1,0.0,0.1,0.1,0.1,0.0,0.0,0.1,0.1,0.4
289,0.1,0.0,0.1,0.1,0.1,0.0,0.0,0.1,0.1,0.4
290,0.1,0.0,0.1,0.1,0.1,0.0,0.0,0.1,0.1,0.4
291,0.1,0.0,0.1,0.1,0.0,0.0,0.0,0.1,0.1,0.5
292,0.1,0.0,0.1,0.0,0.1,0.0,0.0,0.1,0.1,0.5
293,0.1,0.1,0.1,0.0,0.1,0.0,0.0,0.1,0.1,0.4
294,0.1,0.0,0.1,0.1,0.0,0.0,0.0,0.1,0.1,0.5
295,0.1,0.1,0.1,0.1,0.0,0.0,0.0,0.0,0.1,0.5
296,0.1,0.0,0.1,0.0,0.0,0.0,0.0,0.1,0.1,0.6
297,0.1,0.0,0.1,0.1,0.1,0.0,0.0,0.1,0.1,0.4
299,0.1,0.0,0.1,0.1,0.1,0.0,0.0,0.1,0.1,0.4
300,0.1,0.0,0.1,0.1,0.0,0.0,0.0,0.1,0.1,0.5
301,0.1,0.0,0.1,0.1,0.1,0.0,0.0,0.1,0.1,0.4
302,0.1,0.0,0.1,0.0,0.1,0.0,0.0,0.1,0.1,0.5
303,0.1,0.0,0.1,0.0,0.1,0.0,0.0,0.1,0.1,0.5
304,0.1,0.1,0.1,0.0,0.1,0.0,0.0,0.1,0.1,0.4
305,0.1,0.0,0.1,0.1,0.1,0.0,0.0,0.1,0.1,0.4
306,0.1,0.0,0.1,0.0,0.0,0.0,0.0,0.1,0.2,0.5
307,0.1,0.0,0.1,0.1,0.1,0.0,0.0,0.1,0.1,0.4
308,0.1,0.0,0.1,0.1,0.1,0.0,0.0,0.1,0.1,0.4
309,0.1,0.2,0.0,0.0,0.1,0.0,0.0,0.0,0.2,0.4
310,0.1,0.1,0.1,0.0,0.1,0.0,0.0,0.1,0.1,0.4
311,0.1,0.0,0.1,0.1,0.1,0.0,0.0,0.1,0.1,0.4
312,0.1,0.1,0.1,0.0,0.1,0.0,0.0,0.1,0.1,0.4
313,0.1,0.0,0.1,0.1,0.1,0.0,0.0,0.1,0.1,0.4
315,0.1,0.0,0.1,0.1,0.1,0.0,0.0,0.1,0.1,0.4
316,0.1,0.0,0.1,0.0,0.1,0.0,0.0,0.1,0.1,0.5
317,0.1,0.0,0.1,0.0,0.1,0.0,0.0,0.1,0.1,0.5
318,0.1,0.0,0.1,0.1,0.0,0.0,0.0,0.1,0.1,0.5
319,0.1,0.0,0.1,0.1,0.1,0.0,0.0,0.1,0.1,0.4
320,0.1,0.0,0.1,0.1,0.1,0.0,0.0,0.1,0.1,0.4
321,0.1,0.0,0.1,0.1,0.0,0.0,0.0,0.1,0.1,0.5
322,0.1,0.0,0.1,0.1,0.0,0.0,0.0,0.1,0.1,0.5
323,0.1,0.0,0.1,0.1,0.1,0.0,0.0,0.1,0.1,0.4
324,0.1,0.0,0.1,0.0,0.1,0.0,0.0,0.1,0.1,0.5
325,0.1,0.0,0.1,0.1,0.1,0.0,0.0,0.1,0.1,0.4
326,0.1,0.0,0.1,0.1,0.1,0.0,0.0,0.1,0.1,0.4
328,0.1,0.0,0.1,0.0,0.0,0.0,0.0,0.1,0.2,0.5
330,0.1,0.0,0.1,0.1,0.1,0.0,0.0,0.0,0.1,0.5
331,0.1,0.0,0.1,0.1,0.1,0.0,0.0,0.1,0.1,0.4
332,0.1,0.0,0.1,0.1,0.0,0.0,0.0,0.1,0.1,0.5
333,0.1,0.1,0.1,0.0,0.1,0.0,0.0,0.1,0.1,0.4
334,0.1,0.1,0.1,0.0,0.1,0.0,0.0,0.1,0.1,0.4
335,0.1,0.0,0.1,0.0,0.1,0.0,0.0,0.1,0.1,0.5
336,0.1,0.0,0.1,0.0,0.1,0.0,0.0,0.1,0.1,0.5
337,0.1,0.0,0.1,0.0,0.1,0.0,0.0,0.1,0.1,0.5
338,0.1,0.1,0.1,0.0,0.0,0.0,0.0,0.1,0.1,0.5
339,0.1,0.1,0.1,0.0,0.1,0.0,0.0,0.1,0.1,0.4
340,0.1,0.0,0.1,0.0,0.1,0.0,0.0,0.1,0.1,0.5
341,0.1,0.0,0.1,0.1,0.1,0.0,0.0,0.1,0.1,0.4
342,0.1,0.0,0.1,0.1,0.1,0.0,0.0,0.1,0.1,0.4
343,0.1,0.0,0.1,0.0,0.0,0.0,0.0,0.1,0.2,0.5
344,0.1,0.0,0.1,0.0,0.1,0.0,0.0,0.1,0.1,0.5
345,0.1,0.0,0.1,0.1,0.1,0.0,0.0,0.1,0.1,0.4
346,0.1,0.0,0.1,0.0,0.1,0.0,0.0,0.1,0.1,0.5
347,0.1,0.0,0.1,0.1,0.1,0.0,0.0,0.1,0.1,0.4
348,0.1,0.0,0.1,0.1,0.1,0.0,0.0,0.0,0.1,0.5
349,0.0,0.1,0.1,0.0,0.0,0.0,0.0,0.0,0.2,0.6
350,0.1,0.0,0.1,0.0,0.1,0.0,0.0,0.1,0.1,0.5
351,0.1,0.0,0.1,0.1,0.1,0.0,0.0,0.1,0.1,0.4
352,0.1,0.0,0.1,0.1,0.0,0.0,0.0,0.1,0.1,0.5
353,0.1,0.1,0.1,0.0,0.1,0.0,0.0,0.1,0.1,0.4
354,0.1,0.0,0.1,0.1,0.0,0.0,0.0,0.1,0.1,0.5
355,0.1,0.0,0.1,0.1,0.1,0.0,0.0,0.1,0.1,0.4
357,0.1,0.0,0.1,0.1,0.1,0.0,0.0,0.1,0.1,0.4
358,0.1,0.0,0.1,0.1,0.1,0.0,0.0,0.1,0.1,0.4
359,0.1,0.1,0.1,0.0,0.1,0.0,0.0,0.1,0.1,0.4
360,0.1,0.0,0.1,0.1,0.0,0.0,0.0,0.1,0.1,0.5
361,0.1,0.0,0.1,0.1,0.1,0.0,0.0,0.1,0.1,0.4
362,0.1,0.0,0.1,0.1,0.1,0.0,0.0,0.1,0.1,0.4
363,0.1,0.0,0.1,0.1,0.1,0.0,0.0,0.1,0.1,0.4
364,0.1,0.0,0.0,0.0,0.1,0.0,0.0,0.1,0.2,0.5
365,0.1,0.0,0.1,0.0,0.1,0.0,0.0,0.1,0.1,0.5
366,0.1,0.0,0.1,0.1,0.0,0.0,0.0,0.1,0.2,0.4
367,0.1,0.0,0.1,0.1,0.1,0.0,0.0,0.1,0.1,0.4
369,0.1,0.0,0.1,0.0,0.0,0.0,0.0,0.1,0.2,0.5
370,0.1,0.0,0.1,0.1,0.1,0.0,0.0,0.1,0.1,0.4
371,0.1,0.0,0.1,0.0,0.1,0.0,0.0,0.0,0.2,0.5
372,0.1,0.1,0.1,0.0,0.0,0.0,0.0,0.1,0.1,0.5
373,0.1,0.0,0.1,0.0,0.1,0.0,0.0,0.1,0.1,0.5
374,0.1,0.1,0.1,0.0,0.1,0.0,0.0,0.1,0.1,0.4
375,0.1,0.0,0.1,0.0,0.0,0.0,0.0,0.1,0.2,0.5
376,0.1,0.0,0.1,0.1,0.1,0.0,0.0,0.1,0.1,0.4
377,0.1,0.0,0.1,0.1,0.0,0.0,0.0,0.1,0.1,0.5
378,0.1,0.0,0.1,0.1,0.1,0.0,0.0,0.1,0.1,0.4
379,0.1,0.1,0.1,0.0,0.1,0.0,0.0,0.0,0.1,0.5
380,0.1,0.0,0.1,0.1,0.0,0.0,0.0,0.1,0.1,0.5
381,0.1,0.0,0.1,0.1,0.0,0.0,0.0,0.1,0.1,0.5
382,0.1,0.0,0.1,0.0,0.1,0.0,0.0,0.1,0.1,0.5
383,0.1,0.0,0.1,0.1,0.1,0.0,0.0,0.1,0.1,0.4
384,0.1,0.1,0.1,0.1,0.1,0.0,0.0,0.0,0.1,0.4
385,0.1,0.0,0.1,0.1,0.1,0.0,0.0,0.1,0.1,0.4
386,0.1,0.0,0.1,0.1,0.1,0.0,0.0,0.1,0.1,0.4
387,0.0,0.0,0.1,0.0,0.1,0.0,0.0,0.1,0.2,0.5
388,0.1,0.0,0.1,0.1,0.1,0.0,0.0,0.1,0.1,0.4
389,0.1,0.0,0.1,0.1,0.0,0.0,0.0,0.1,0.1,0.5
390,0.1,0.0,0.1,0.1,0.1,0.0,0.0,0.1,0.1,0.4
391,0.1,0.1,0.1,0.0,0.0,0.0,0.0,0.1,0.1,0.5
393,0.1,0.0,0.1,0.1,0.1,0.0,0.0,0.0,0.1,0.5
394,0.1,0.1,0.1,0.0,0.1,0.0,0.0,0.1,0.1,0.4
395,0.1,0.0,0.1,0.0,0.1,0.0,0.0,0.1,0.1,0.5
396,0.1,0.0,0.1,0.1,0.1,0.0,0.0,0.1,0.1,0.4
397,0.1,0.0,0.1,0.1,0.1,0.0,0.0,0.1,0.1,0.4
398,0.1,0.0,0.1,0.1,0.1,0.0,0.0,0.1,0.1,0.4
399,0.1,0.0,0.1,0.1,0.1,0.0,0.0,0.1,0.1,0.4
400,0.1,0.0,0.1,0.1,0.0,0.0,0.0,0.1,0.1,0.5
401,0.1,0.0,0.1,0.1,0.0,0.0,0.0,0.1,0.1,0.5
402,0.1,0.0,0.1,0.0,0.1,0.0,0.0,0.1,0.1,0.5
403,0.1,0.0,0.1,0.1,0.0,0.0,0.0,0.1,0.1,0.5
404,0.1,0.0,0.1,0.0,0.1,0.0,0.0,0.1,0.1,0.5
406,0.0,0.0,0.1,0.0,0.1,0.0,0.0,0.0,0.2,0.6
407,0.1,0.0,0.1,0.1,0.0,0.0,0.0,0.1,0.1,0.5
408,0.1,0.0,0.1,0.0,0.0,0.0,0.0,0.1,0.2,0.5
409,0.1,0.1,0.1,0.0,0.0,0.0,0.0,0.1,0.1,0.5
410,0.1,0.1,0.1,0.0,0.1,0.0,0.0,0.1,0.1,0.4
411,0.1,0.0,0.1,0.0,0.1,0.0,0.0,0.1,0.1,0.5
412,0.1,0.0,0.1,0.0,0.1,0.0,0.0,0.1,0.1,0.5
413,0.1,0.0,0.1,0.1,0.1,0.0,0.0,0.1,0.1,0.4
414,0.1,0.1,0.1,0.0,0.0,0.0,0.0,0.1,0.1,0.5
415,0.1,0.0,0.1,0.0,0.0,0.0,0.0,0.1,0.2,0.5
416,0.1,0.0,0.1,0.1,0.1,0.0,0.0,0.1,0.1,0.4
417,0.1,0.0,0.1,0.1,0.0,0.0,0.0,0.1,0.1,0.5
419,0.1,0.0,0.1,0.0,0.1,0.0,0.0,0.1,0.1,0.5
420,0.1,0.0,0.1,0.1,0.1,0.0,0.0,0.1,0.1,0.4
421,0.1,0.0,0.1,0.1,0.1,0.0,0.0,0.1,0.1,0.4
422,0.1,0.1,0.1,0.0,0.0,0.0,0.0,0.1,0.1,0.5
424,0.1,0.0,0.1,0.1,0.0,0.0,0.0,0.1,0.1,0.5
427,0.1,0.1,0.1,0.0,0.1,0.0,0.0,0.1,0.1,0.4
428,0.1,0.0,0.1,0.1,0.1,0.0,0.0,0.1,0.1,0.4
429,0.1,0.1,0.1,0.0,0.1,0.0,0.0,0.1,0.1,0.4
430,0.1,0.0,0.1,0.1,0.0,0.0,0.0,0.0,0.2,0.5
431,0.1,0.1,0.1,0.0,0.0,0.0,0.0,0.1,0.1,0.5
432,0.0,0.1,0.1,0.0,0.1,0.0,0.0,0.1,0.1,0.5
433,0.1,0.0,0.1,0.0,0.1,0.0,0.0,0.1,0.1,0.5
434,0.1,0.1,0.1,0.0,0.0,0.0,0.0,0.0,0.2,0.5
435,0.1,0.1,0.1,0.0,0.1,0.0,0.0,0.1,0.1,0.4
436,0.1,0.1,0.1,0.0,0.0,0.0,0.0,0.1,0.1,0.5
437,0.1,0.0,0.1,0.1,0.0,0.0,0.0,0.1,0.1,0.5
438,0.1,0.0,0.1,0.1,0.0,0.0,0.0,0.1,0.1,0.5
439,0.1,0.0,0.1,0.1,0.1,0.0,0.0,0.1,0.1,0.4
440,0.1,0.0,0.1,0.0,0.1,0.0,0.0,0.1,0.2,0.4
441,0.1,0.1,0.1,0.0,0.1,0.0,0.0,0.1,0.1,0.4
442,0.1,0.0,0.1,0.1,0.0,0.0,0.0,0.0,0.2,0.5
443,0.1,0.0,0.1,0.1,0.0,0.0,0.0,0.1,0.2,0.4
444,0.1,0.1,0.1,0.0,0.0,0.0,0.0,0.1,0.1,0.5
445,0.1,0.0,0.1,0.1,0.1,0.0,0.0,0.1,0.1,0.4
446,0.1,0.0,0.1,0.0,0.1,0.0,0.0,0.1,0.1,0.5
447,0.0,0.0,0.1,0.1,0.1,0.0,0.0,0.1,0.1,0.5
448,0.1,0.0,0.1,0.1,0.1,0.0,0.0,0.1,0.1,0.4
449,0.1,0.0,0.1,0.1,0.1,0.0,0.0,0.1,0.1,0.4
451,0.1,0.0,0.1,0.1,0.1,0.0,0.0,0.1,0.1,0.4
452,0.1,0.0,0.1,0.1,0.1,0.0,0.0,0.1,0.1,0.4
453,0.1,0.1,0.1,0.0,0.1,0.0,0.0,0.1,0.1,0.4
454,0.1,0.0,0.1,0.0,0.1,0.0,0.0,0.1,0.1,0.5
455,0.1,0.0,0.1,0.1,0.1,0.0,0.0,0.1,0.1,0.4
456,0.1,0.1,0.1,0.0,0.1,0.0,0.0,0.1,0.1,0.4
457,0.1,0.0,0.1,0.1,0.0,0.0,0.0,0.1,0.1,0.5
458,0.1,0.0,0.1,0.1,0.1,0.0,0.0,0.1,0.1,0.4
459,0.1,0.0,0.1,0.1,0.1,0.0,0.0,0.1,0.1,0.4
460,0.1,0.1,0.1,0.1,0.0,0.0,0.0,0.1,0.1,0.4
461,0.1,0.1,0.1,0.0,0.1,0.0,0.0,0.1,0.1,0.4
462,0.1,0.0,0.1,0.0,0.1,0.0,0.0,0.1,0.1,0.5
463,0.0,0.1,0.1,0.0,0.1,0.0,0.0,0.1,0.1,0.5
464,0.1,0.1,0.1,0.0,0.0,0.0,0.0,0.1,0.1,0.5
465,0.1,0.0,0.1,0.0,0.1,0.0,0.0,0.1,0.1,0.5
466,0.1,0.0,0.1,0.0,0.1,0.0,0.0,0.1,0.1,0.5
467,0.0,0.0,0.1,0.0,0.0,0.0,0.0,0.0,0.2,0.7
468,0.1,0.0,0.1,0.0,0.1,0.0,0.0,0.1,0.1,0.5
469,0.1,0.0,0.1,0.0,0.1,0.0,0.0,0.1,0.1,0.5
470,0.1,0.1,0.1,0.0,0.0,0.0,0.0,0.1,0.1,0.5
471,0.1,0.0,0.1,0.1,0.1,0.0,0.0,0.1,0.1,0.4
472,0.1,0.0,0.1,0.1,0.1,0.0,0.0,0.1,0.1,0.4
473,0.1,0.1,0.1,0.1,0.0,0.0,0.0,0.1,0.1,0.4
474,0.1,0.0,0.1,0.1,0.1,0.0,0.0,0.1,0.1,0.4
475,0.1,0.0,0.1,0.0,0.1,0.0,0.0,0.0,0.2,0.5
476,0.1,0.0,0.1,0.0,0.1,0.0,0.0,0.1,0.1,0.5
477,0.1,0.0,0.1,0.1,0.0,0.0,0.0,0.1,0.1,0.5
478,0.1,0.1,0.1,0.0,0.1,0.0,0.0,0.1,0.1,0.4
479,0.1,0.0,0.1,0.1,0.0,0.0,0.0,0.1,0.1,0.5
480,0.1,0.0,0.1,0.1,0.1,0.0,0.0,0.1,0.1,0.4
481,0.1,0.0,0.1,0.1,0.1,0.0,0.0,0.1,0.1,0.4
482,0.1,0.0,0.1,0.1,0.0,0.0,0.0,0.1,0.1,0.5
483,0.1,0.0,0.1,0.1,0.0,0.0,0.0,0.1,0.1,0.5
484,0.1,0.1,0.1,0.1,0.1,0.0,0.0,0.0,0.1,0.4
485,0.1,0.0,0.1,0.1,0.0,0.0,0.0,0.0,0.2,0.5
487,0.1,0.0,0.1,0.0,0.1,0.0,0.0,0.1,0.1,0.5
488,0.1,0.0,0.1,0.0,0.1,0.0,0.0,0.1,0.1,0.5
489,0.1,0.0,0.1,0.1,0.0,0.0,0.0,0.0,0.2,0.5
490,0.1,0.1,0.0,0.0,0.0,0.0,0.0,0.0,0.2,0.6
491,0.1,0.0,0.1,0.1,0.1,0.0,0.0,0.1,0.1,0.4
492,0.1,0.0,0.1,0.1,0.0,0.0,0.0,0.1,0.1,0.5
493,0.1,0.1,0.1,0.1,0.0,0.0,0.0,0.1,0.1,0.4
494,0.1,0.0,0.1,0.1,0.1,0.0,0.0,0.1,0.1,0.4
495,0.1,0.1,0.1,0.0,0.1,0.0,0.0,0.1,0.1,0.4
496,0.1,0.0,0.1,0.1,0.0,0.0,0.0,0.1,0.1,0.5
497,0.1,0.0,0.1,0.1,0.1,0.0,0.0,0.1,0.1,0.4
498,0.1,0.0,0.1,0.1,0.1,0.0,0.0,0.1,0.1,0.4
499,0.1,0.0,0.1,0.1,0.0,0.0,0.0,0.1,0.1,0.5
500,0.1,0.1,0.1,0.1,0.0,0.0,0.0,0.1,0.1,0.4
501,0.1,0.1,0.1,0.0,0.0,0.0,0.0,0.1,0.1,0.5
502,0.1,0.0,0.1,0.1,0.1,0.0,0.0,0.1,0.1,0.4
503,0.1,0.0,0.1,0.1,0.1,0.0,0.0,0.1,0.1,0.4
504,0.1,0.0,0.1,0.1,0.0,0.0,0.0,0.1,0.1,0.5
505,0.1,0.0,0.1,0.1,0.1,0.0,0.0,0.1,0.1,0.4
506,0.1,0.0,0.1,0.1,0.1,0.0,0.0,0.1,0.1,0.4
507,0.0,0.0,0.1,0.0,0.1,0.0,0.0,0.1,0.2,0.5
509,0.1,0.0,0.1,0.1,0.1,0.0,0.0,0.1,0.1,0.4
510,0.1,0.0,0.1,0.1,0.1,0.0,0.0,0.1,0.1,0.4
511,0.1,0.1,0.1,0.0,0.1,0.0,0.0,0.1,0.1,0.4
512,0.1,0.1,0.1,0.1,0.0,0.0,0.0,0.1,0.1,0.4
513,0.1,0.1,0.1,0.1,0.0,0.0,0.0,0.1,0.1,0.4
514,0.1,0.1,0.1,0.0,0.1,0.0,0.0,0.1,0.1,0.4
515,0.1,0.0,0.1,0.1,0.0,0.0,0.0,0.1,0.1,0.5
516,0.1,0.0,0.1,0.1,0.1,0.0,0.0,0.1,0.1,0.4
517,0.1,0.1,0.1,0.0,0.0,0.0,0.0,0.1,0.1,0.5
518,0.1,0.1,0.1,0.0,0.1,0.0,0.0,0.1,0.1,0.4
519,0.1,0.0,0.1,0.1,0.1,0.0,0.0,0.1,0.1,0.4
520,0.1,0.0,0.1,0.1,0.1,0.0,0.0,0.0,0.1,0.5
521,0.1,0.0,0.1,0.0,0.1,0.0,0.0,0.1,0.1,0.5
522,0.0,0.1,0.1,0.0,0.1,0.0,0.0,0.0,0.1,0.6
523,0.1,0.0,0.1,0.0,0.1,0.0,0.0,0.1,0.1,0.5
524,0.1,0.1,0.1,0.0,0.1,0.0,0.0,0.1,0.1,0.4
525,0.1,0.0,0.1,0.0,0.1,0.0,0.0,0.1,0.1,0.5
526,0.1,0.0,0.1,0.1,0.0,0.0,0.0,0.1,0.1,0.5
527,0.1,0.0,0.1,0.1,0.1,0.0,0.0,0.1,0.1,0.4
528,0.1,0.0,0.1,0.1,0.1,0.0,0.0,0.1,0.1,0.4
529,0.1,0.0,0.1,0.1,0.1,0.0,0.0,0.1,0.1,0.4
530,0.1,0.0,0.1,0.1,0.0,0.0,0.0,0.1,0.1,0.5
531,0.1,0.0,0.1,0.1,0.1,0.0,0.0,0.1,0.1,0.4
532,0.1,0.1,0.1,0.0,0.1,0.0,0.0,0.1,0.1,0.4
533,0.1,0.0,0.1,0.1,0.1,0.0,0.0,0.1,0.1,0.4
534,0.1,0.0,0.1,0.1,0.1,0.0,0.0,0.1,0.1,0.4
535,0.1,0.0,0.1,0.1,0.1,0.0,0.0,0.1,0.1,0.4
536,0.1,0.0,0.1,0.0,0.1,0.0,0.0,0.1,0.1,0.5
537,0.1,0.0,0.1,0.0,0.1,0.0,0.0,0.1,0.1,0.5
538,0.1,0.0,0.1,0.1,0.1,0.0,0.0,0.0,0.1,0.5
539,0.1,0.1,0.1,0.0,0.1,0.0,0.0,0.1,0.1,0.4
540,0.1,0.0,0.1,0.1,0.1,0.0,0.0,0.1,0.1,0.4
541,0.1,0.1,0.1,0.0,0.1,0.0,0.0,0.1,0.1,0.4
542,0.1,0.0,0.1,0.1,0.1,0.0,0.0,0.1,0.1,0.4
543,0.1,0.1,0.1,0.0,0.1,0.0,0.0,0.0,0.1,0.5
544,0.1,0.0,0.1,0.0,0.1,0.0,0.0,0.1,0.1,0.5
545,0.1,0.0,0.1,0.0,0.1,0.0,0.0,0.1,0.1,0.5
546,0.1,0.0,0.1,0.0,0.0,0.0,0.0,0.1,0.2,0.5
547,0.1,0.0,0.1,0.1,0.0,0.0,0.0,0.0,0.2,0.5
548,0.1,0.0,0.1,0.0,0.1,0.0,0.0,0.1,0.1,0.5
549,0.1,0.0,0.1,0.1,0.0,0.0,0.0,0.1,0.1,0.5
550,0.1,0.1,0.1,0.0,0.0,0.0,0.0,0.1,0.1,0.5
551,0.1,0.0,0.1,0.1,0.1,0.0,0.0,0.1,0.1,0.4
552,0.1,0.0,0.1,0.1,0.1,0.0,0.0,0.1,0.1,0.4
553,0.1,0.0,0.1,0.0,0.1,0.0,0.0,0.1,0.1,0.5
554,0.0,0.1,0.1,0.1,0.1,0.0,0.0,0.1,0.1,0.4
555,0.1,0.1,0.1,0.0,0.1,0.0,0.0,0.1,0.1,0.4
556,0.1,0.0,0.1,0.1,0.1,0.0,0.0,0.1,0.1,0.4
557,0.1,0.0,0.1,0.0,0.1,0.0,0.0,0.1,0.2,0.4
558,0.1,0.0,0.1,0.1,0.1,0.0,0.0,0.1,0.1,0.4
560,0.1,0.0,0.1,0.1,0.1,0.0,0.0,0.1,0.1,0.4
561,0.1,0.0,0.1,0.1,0.1,0.0,0.0,0.1,0.1,0.4
562,0.1,0.0,0.1,0.1,0.0,0.0,0.0,0.1,0.1,0.5
563,0.1,0.1,0.1,0.0,0.1,0.0,0.0,0.1,0.1,0.4
564,0.1,0.0,0.1,0.0,0.0,0.0,0.0,0.1,0.2,0.5
565,0.1,0.0,0.1,0.0,0.1,0.0,0.0,0.1,0.1,0.5
566,0.1,0.0,0.1,0.1,0.1,0.0,0.0,0.1,0.1,0.4
567,0.1,0.1,0.1,0.0,0.0,0.0,0.0,0.1,0.1,0.5
568,0.1,0.0,0.1,0.1,0.1,0.0,0.0,0.0,0.1,0.5
569,0.0,0.1,0.1,0.0,0.1,0.0,0.0,0.0,0.2,0.5
570,0.1,0.0,0.1,0.0,0.1,0.0,0.0,0.1,0.1,0.5
571,0.1,0.0,0.1,0.0,0.1,0.0,0.0,0.1,0.1,0.5
573,0.1,0.0,0.1,0.0,0.0,0.0,0.0,0.1,0.2,0.5
574,0.1,0.0,0.1,0.1,0.1,0.0,0.0,0.1,0.1,0.4
575,0.1,0.0,0.1,0.1,0.1,0.0,0.0,0.1,0.1,0.4
576,0.1,0.0,0.1,0.1,0.1,0.0,0.0,0.1,0.1,0.4
578,0.1,0.0,0.1,0.0,0.1,0.0,0.0,0.1,0.1,0.5
579,0.1,0.0,0.1,0.1,0.1,0.0,0.0,0.1,0.1,0.4
580,0.1,0.0,0.1,0.1,0.0,0.0,0.0,0.1,0.1,0.5
581,0.1,0.0,0.1,0.1,0.1,0.0,0.0,0.1,0.1,0.4
582,0.1,0.1,0.1,0.0,0.1,0.0,0.0,0.1,0.1,0.4
583,0.1,0.1,0.1,0.0,0.0,0.0,0.0,0.1,0.1,0.5
584,0.1,0.0,0.1,0.1,0.1,0.0,0.0,0.1,0.1,0.4
585,0.1,0.1,0.1,0.0,0.0,0.0,0.0,0.1,0.1,0.5
586,0.1,0.0,0.1,0.1,0.1,0.0,0.0,0.1,0.1,0.4
587,0.1,0.1,0.1,0.0,0.1,0.0,0.0,0.0,0.1,0.5
588,0.1,0.0,0.1,0.1,0.1,0.0,0.0,0.1,0.1,0.4
590,0.1,0.1,0.1,0.0,0.1,0.0,0.0,0.1,0.1,0.4
592,0.1,0.1,0.1,0.0,0.0,0.0,0.0,0.1,0.1,0.5
593,0.1,0.0,0.1,0.1,0.1,0.0,0.0,0.1,0.1,0.4
594,0.1,0.0,0.1,0.1,0.1,0.0,0.0,0.1,0.1,0.4
595,0.1,0.0,0.1,0.1,0.1,0.0,0.0,0.1,0.1,0.4
596,0.1,0.0,0.1,0.1,0.1,0.0,0.0,0.1,0.1,0.4
597,0.0,0.0,0.1,0.0,0.1,0.0,0.0,0.0,0.2,0.6
598,0.1,0.0,0.1,0.1,0.1,0.0,0.0,0.1,0.1,0.4
599,0.1,0.1,0.1,0.0,0.1,0.0,0.0,0.1,0.1,0.4
600,0.1,0.1,0.0,0.0,0.1,0.0,0.0,0.0,0.1,0.6
601,0.1,0.0,0.1,0.1,0.0,0.0,0.0,0.1,0.1,0.5
602,0.1,0.1,0.1,0.0,0.0,0.0,0.0,0.1,0.1,0.5
603,0.1,0.0,0.1,0.1,0.0,0.0,0.0,0.1,0.1,0.5
604,0.1,0.1,0.1,0.0,0.1,0.0,0.0,0.0,0.1,0.5
605,0.1,0.0,0.1,0.1,0.1,0.0,0.0,0.1,0.1,0.4
606,0.1,0.0,0.1,0.0,0.1,0.0,0.0,0.1,0.1,0.5
607,0.1,0.0,0.1,0.1,0.1,0.0,0.0,0.1,0.1,0.4
608,0.1,0.0,0.1,0.1,0.0,0.0,0.0,0.1,0.1,0.5
609,0.1,0.1,0.1,0.0,0.1,0.0,0.0,0.0,0.1,0.5
610,0.1,0.0,0.1,0.1,0.1,0.0,0.0,0.1,0.1,0.4
611,0.1,0.0,0.1,0.1,0.1,0.0,0.0,0.1,0.1,0.4
612,0.1,0.0,0.1,0.1,0.1,0.0,0.0,0.1,0.1,0.4
613,0.1,0.0,0.1,0.1,0.1,0.0,0.0,0.1,0.1,0.4
614,0.1,0.0,0.1,0.1,0.1,0.0,0.0,0.1,0.1,0.4
615,0.1,0.0,0.1,0.1,0.1,0.0,0.0,0.0,0.1,0.5
616,0.1,0.0,0.1,0.0,0.1,0.0,0.0,0.0,0.2,0.5
617,0.1,0.0,0.1,0.0,0.1,0.0,0.0,0.1,0.1,0.5
618,0.1,0.0,0.1,0.1,0.1,0.0,0.0,0.0,0.1,0.5
619,0.1,0.1,0.1,0.0,0.1,0.0,0.0,0.0,0.2,0.4
620,0.1,0.1,0.1,0.0,0.0,0.0,0.0,0.1,0.1,0.5
621,0.1,0.0,0.1,0.1,0.0,0.0,0.0,0.1,0.1,0.5
622,0.1,0.0,0.1,0.1,0.1,0.0,0.0,0.1,0.1,0.4
623,0.1,0.0,0.1,0.1,0.1,0.0,0.0,0.1,0.1,0.4
624,0.1,0.1,0.1,0.0,0.1,0.0,0.0,0.1,0.1,0.4
626,0.1,0.1,0.1,0.0,0.1,0.0,0.0,0.1,0.1,0.4
628,0.1,0.0,0.1,0.1,0.0,0.0,0.0,0.1,0.1,0.5
629,0.1,0.0,0.1,0.1,0.1,0.0,0.0,0.1,0.1,0.4
630,0.1,0.0,0.1,0.1,0.1,0.0,0.0,0.1,0.1,0.4
631,0.1,0.0,0.1,0.1,0.0,0.0,0.0,0.1,0.1,0.5
632,0.1,0.0,0.1,0.1,0.0,0.0,0.0,0.1,0.1,0.5
633,0.1,0.0,0.1,0.1,0.1,0.0,0.0,0.1,0.1,0.4
634,0.1,0.0,0.1,0.1,0.1,0.0,0.0,0.1,0.1,0.4
635,0.1,0.0,0.1,0.1,0.1,0.0,0.0,0.1,0.1,0.4
636,0.1,0.1,0.1,0.0,0.1,0.0,0.0,0.1,0.1,0.4
637,0.1,0.0,0.1,0.1,0.1,0.0,0.0,0.1,0.1,0.4
638,0.1,0.0,0.1,0.1,0.1,0.0,0.0,0.1,0.1,0.4
639,0.1,0.0,0.1,0.1,0.0,0.0,0.0,0.1,0.1,0.5
640,0.1,0.1,0.1,0.0,0.0,0.0,0.0,0.1,0.1,0.5
641,0.1,0.0,0.1,0.1,0.1,0.0,0.0,0.1,0.1,0.4
642,0.1,0.0,0.1,0.1,0.1,0.0,0.0,0.1,0.1,0.4
643,0.1,0.0,0.1,0.1,0.1,0.0,0.0,0.1,0.1,0.4
644,0.1,0.0,0.1,0.1,0.0,0.0,0.0,0.1,0.1,0.5
645,0.1,0.0,0.1,0.1,0.1,0.0,0.0,0.1,0.1,0.4
646,0.1,0.1,0.1,0.0,0.1,0.0,0.0,0.1,0.1,0.4
647,0.1,0.0,0.1,0.1,0.1,0.0,0.0,0.1,0.1,0.4
648,0.1,0.0,0.1,0.1,0.0,0.0,0.0,0.1,0.1,0.5
649,0.1,0.0,0.1,0.0,0.1,0.0,0.0,0.1,0.1,0.5
650,0.1,0.0,0.1,0.1,0.1,0.0,0.0,0.1,0.1,0.4
651,0.1,0.1,0.1,0.0,0.0,0.0,0.0,0.1,0.1,0.5
652,0.1,0.0,0.1,0.1,0.1,0.0,0.0,0.1,0.1,0.4
653,0.1,0.0,0.1,0.1,0.1,0.0,0.0,0.1,0.1,0.4
654,0.1,0.0,0.1,0.0,0.1,0.0,0.0,0.1,0.1,0.5
655,0.1,0.0,0.1,0.0,0.1,0.0,0.0,0.1,0.1,0.5
656,0.1,0.0,0.1,0.0,0.0,0.0,0.0,0.1,0.2,0.5
657,0.1,0.0,0.1,0.1,0.1,0.0,0.0,0.1,0.1,0.4
658,0.1,0.1,0.1,0.0,0.1,0.0,0.0,0.1,0.1,0.4
659,0.1,0.1,0.1,0.0,0.1,0.0,0.0,0.1,0.1,0.4
660,0.1,0.0,0.1,0.1,0.0,0.0,0.0,0.1,0.1,0.5
661,0.1,0.1,0.1,0.0,0.1,0.0,0.0,0.1,0.1,0.4
662,0.1,0.0,0.1,0.0,0.1,0.0,0.0,0.1,0.1,0.5
663,0.1,0.0,0.1,0.1,0.1,0.0,0.0,0.1,0.1,0.4
664,0.1,0.1,0.1,0.0,0.1,0.0,0.0,0.1,0.1,0.4
665,0.1,0.1,0.1,0.1,0.0,0.0,0.0,0.1,0.1,0.4
666,0.0,0.1,0.1,0.0,0.1,0.0,0.0,0.0,0.2,0.5
668,0.1,0.0,0.1,0.1,0.1,0.0,0.0,0.1,0.1,0.4
669,0.1,0.0,0.1,0.1,0.1,0.0,0.0,0.1,0.1,0.4
670,0.1,0.1,0.1,0.0,0.0,0.0,0.0,0.1,0.1,0.5
671,0.1,0.0,0.1,0.1,0.1,0.0,0.0,0.1,0.1,0.4
672,0.1,0.0,0.1,0.1,0.1,0.0,0.0,0.1,0.1,0.4
673,0.1,0.0,0.1,0.1,0.1,0.0,0.0,0.1,0.1,0.4
674,0.1,0.0,0.1,0.1,0.1,0.0,0.0,0.1,0.1,0.4
675,0.1,0.0,0.1,0.1,0.1,0.0,0.0,0.1,0.1,0.4
676,0.1,0.1,0.1,0.0,0.0,0.0,0.0,0.1,0.1,0.5
677,0.1,0.0,0.1,0.1,0.0,0.0,0.0,0.1,0.1,0.5
678,0.1,0.0,0.1,0.1,0.1,0.0,0.0,0.1,0.1,0.4
679,0.1,0.0,0.1,0.1,0.1,0.0,0.0,0.1,0.1,0.4
680,0.1,0.0,0.1,0.1,0.1,0.0,0.0,0.1,0.1,0.4
681,0.1,0.0,0.1,0.1,0.1,0.0,0.0,0.1,0.1,0.4
682,0.0,0.1,0.1,0.0,0.0,0.1,0.0,0.0,0.2,0.5
683,0.1,0.1,0.1,0.0,0.1,0.0,0.0,0.1,0.1,0.4
684,0.1,0.1,0.1,0.0,0.1,0.0,0.0,0.1,0.1,0.4
685,0.1,0.1,0.1,0.0,0.0,0.0,0.0,0.1,0.1,0.5
686,0.1,0.1,0.1,0.0,0.1,0.0,0.0,0.1,0.1,0.4
687,0.1,0.0,0.1,0.1,0.1,0.0,0.0,0.1,0.1,0.4
688,0.1,0.0,0.1,0.1,0.1,0.0,0.0,0.1,0.1,0.4
689,0.1,0.0,0.1,0.1,0.1,0.0,0.0,0.1,0.1,0.4
690,0.1,0.0,0.1,0.0,0.1,0.0,0.0,0.1,0.1,0.5
691,0.1,0.1,0.1,0.0,0.1,0.0,0.0,0.1,0.1,0.4
692,0.1,0.0,0.1,0.1,0.0,0.0,0.0,0.1,0.1,0.5
693,0.1,0.0,0.1,0.1,0.0,0.0,0.0,0.1,0.1,0.5
694,0.1,0.0,0.1,0.0,0.0,0.0,0.0,0.1,0.2,0.5
695,0.1,0.0,0.1,0.0,0.0,0.0,0.0,0.1,0.2,0.5
696,0.0,0.1,0.1,0.0,0.1,0.0,0.0,0.0,0.2,0.5
697,0.1,0.1,0.1,0.1,0.0,0.0,0.0,0.1,0.1,0.4
698,0.1,0.0,0.1,0.1,0.0,0.0,0.0,0.1,0.1,0.5
699,0.1,0.0,0.1,0.1,0.1,0.0,0.0,0.1,0.1,0.4
700,0.1,0.1,0.1,0.0,0.1,0.0,0.0,0.1,0.1,0.4
701,0.1,0.1,0.1,0.0,0.1,0.0,0.0,0.0,0.1,0.5
702,0.1,0.0,0.1,0.0,0.1,0.0,0.0,0.1,0.1,0.5
703,0.1,0.0,0.1,0.1,0.1,0.0,0.0,0.1,0.1,0.4
704,0.1,0.1,0.1,0.0,0.0,0.0,0.0,0.1,0.1,0.5
705,0.0,0.1,0.0,0.0,0.1,0.0,0.0,0.0,0.2,0.6
706,0.1,0.0,0.1,0.1,0.0,0.0,0.0,0.1,0.1,0.5
707,0.1,0.0,0.1,0.1,0.1,0.0,0.0,0.1,0.1,0.4
708,0.1,0.0,0.1,0.1,0.1,0.0,0.0,0.1,0.1,0.4
709,0.1,0.0,0.1,0.0,0.1,0.0,0.0,0.0,0.2,0.5
710,0.1,0.0,0.1,0.1,0.0,0.0,0.0,0.1,0.1,0.5
712,0.1,0.0,0.1,0.1,0.1,0.0,0.0,0.1,0.1,0.4
713,0.1,0.1,0.1,0.0,0.1,0.0,0.0,0.1,0.1,0.4
714,0.1,0.0,0.1,0.1,0.0,0.0,0.0,0.1,0.1,0.5
715,0.1,0.0,0.1,0.0,0.0,0.0,0.0,0.1,0.2,0.5
716,0.1,0.0,0.1,0.0,0.1,0.0,0.0,0.1,0.1,0.5
717,0.1,0.0,0.1,0.1,0.0,0.0,0.0,0.1,0.1,0.5
718,0.1,0.0,0.1,0.1,0.0,0.0,0.0,0.1,0.1,0.5
720,0.1,0.1,0.1,0.0,0.1,0.0,0.0,0.1,0.1,0.4
721,0.1,0.1,0.1,0.0,0.0,0.0,0.0,0.1,0.1,0.5
722,0.1,0.0,0.1,0.1,0.0,0.0,0.0,0.1,0.1,0.5
723,0.1,0.1,0.1,0.0,0.0,0.0,0.0,0.1,0.1,0.5
724,0.1,0.0,0.1,0.1,0.0,0.0,0.0,0.1,0.1,0.5
725,0.1,0.0,0.1,0.1,0.1,0.0,0.0,0.1,0.1,0.4
726,0.1,0.0,0.1,0.0,0.1,0.0,0.0,0.1,0.1,0.5
727,0.1,0.0,0.1,0.0,0.1,0.0,0.0,0.1,0.1,0.5
728,0.1,0.0,0.1,0.1,0.1,0.0,0.0,0.1,0.1,0.4
729,0.1,0.0,0.1,0.1,0.1,0.0,0.0,0.1,0.1,0.4
730,0.1,0.1,0.1,0.0,0.1,0.0,0.0,0.1,0.1,0.4
731,0.1,0.0,0.1,0.1,0.0,0.0,0.0,0.1,0.1,0.5
732,0.1,0.1,0.1,0.0,0.1,0.0,0.0,0.1,0.1,0.4
733,0.1,0.1,0.1,0.0,0.1,0.0,0.0,0.1,0.1,0.4
734,0.1,0.1,0.1,0.1,0.0,0.0,0.0,0.1,0.1,0.4
735,0.1,0.0,0.1,0.1,0.1,0.0,0.0,0.1,0.1,0.4
736,0.1,0.1,0.1,0.0,0.0,0.0,0.0,0.1,0.1,0.5
737,0.1,0.0,0.1,0.0,0.1,0.0,0.0,0.1,0.1,0.5
738,0.1,0.0,0.1,0.1,0.0,0.0,0.0,0.1,0.1,0.5
739,0.1,0.0,0.1,0.0,0.0,0.0,0.0,0.1,0.2,0.5
740,0.1,0.0,0.1,0.1,0.1,0.0,0.0,0.1,0.1,0.4
742,0.1,0.0,0.1,0.1,0.0,0.0,0.0,0.1,0.1,0.5
743,0.1,0.1,0.1,0.0,0.0,0.0,0.0,0.1,0.1,0.5
744,0.1,0.0,0.1,0.0,0.0,0.0,0.0,0.1,0.2,0.5
745,0.1,0.0,0.1,0.1,0.1,0.0,0.0,0.1,0.1,0.4
746,0.1,0.0,0.1,0.0,0.0,0.0,0.0,0.1,0.2,0.5
747,0.1,0.0,0.1,0.0,0.0,0.0,0.0,0.1,0.2,0.5
748,0.1,0.0,0.1,0.1,0.1,0.0,0.0,0.1,0.1,0.4
749,0.1,0.0,0.1,0.0,0.1,0.0,0.0,0.1,0.2,0.4
750,0.1,0.0,0.1,0.1,0.1,0.0,0.0,0.1,0.1,0.4
751,0.1,0.0,0.1,0.0,0.1,0.0,0.0,0.1,0.1,0.5
752,0.1,0.0,0.1,0.1,0.1,0.0,0.0,0.1,0.1,0.4
753,0.1,0.0,0.1,0.1,0.1,0.0,0.0,0.1,0.1,0.4
754,0.1,0.0,0.1,0.1,0.0,0.0,0.0,0.1,0.1,0.5
755,0.1,0.0,0.1,0.1,0.1,0.0,0.0,0.1,0.1,0.4
756,0.1,0.0,0.1,0.1,0.0,0.0,0.0,0.1,0.1,0.5
757,0.1,0.0,0.1,0.0,0.1,0.0,0.0,0.1,0.1,0.5
758,0.1,0.0,0.1,0.0,0.1,0.0,0.0,0.1,0.1,0.5
759,0.1,0.0,0.1,0.0,0.1,0.0,0.0,0.1,0.1,0.5
760,0.1,0.1,0.1,0.0,0.0,0.0,0.0,0.1,0.1,0.5
761,0.1,0.1,0.1,0.0,0.1,0.0,0.0,0.1,0.1,0.4
762,0.1,0.0,0.1,0.1,0.1,0.0,0.0,0.1,0.1,0.4
763,0.1,0.0,0.1,0.0,0.1,0.0,0.0,0.1,0.1,0.5
764,0.0,0.0,0.1,0.1,0.1,0.0,0.0,0.1,0.1,0.5
765,0.1,0.1,0.1,0.0,0.1,0.0,0.0,0.1,0.1,0.4
766,0.1,0.0,0.1,0.0,0.1,0.0,0.0,0.1,0.1,0.5
767,0.1,0.0,0.1,0.1,0.1,0.0,0.0,0.1,0.1,0.4
768,0.1,0.0,0.1,0.1,0.1,0.0,0.0,0.1,0.1,0.4
769,0.1,0.1,0.1,0.0,0.0,0.0,0.0,0.1,0.1,0.5
770,0.1,0.0,0.1,0.1,0.1,0.0,0.0,0.1,0.1,0.4
771,0.0,0.0,0.1,0.1,0.1,0.0,0.0,0.1,0.1,0.5
772,0.1,0.0,0.1,0.0,0.1,0.0,0.0,0.1,0.1,0.5
773,0.1,0.0,0.1,0.1,0.1,0.0,0.0,0.1,0.1,0.4
774,0.1,0.0,0.1,0.0,0.1,0.0,0.0,0.1,0.1,0.5
775,0.1,0.0,0.1,0.1,0.1,0.0,0.0,0.1,0.1,0.4
776,0.1,0.0,0.1,0.1,0.0,0.0,0.0,0.1,0.1,0.5
777,0.1,0.0,0.1,0.1,0.1,0.0,0.0,0.1,0.1,0.4
778,0.1,0.0,0.1,0.1,0.1,0.0,0.0,0.1,0.1,0.4
780,0.1,0.1,0.1,0.0,0.1,0.0,0.0,0.0,0.1,0.5
781,0.1,0.0,0.1,0.1,0.1,0.0,0.0,0.1,0.1,0.4
782,0.1,0.0,0.1,0.0,0.1,0.0,0.0,0.1,0.1,0.5
783,0.1,0.1,0.1,0.0,0.0,0.0,0.0,0.1,0.1,0.5
784,0.1,0.1,0.1,0.0,0.0,0.0,0.0,0.0,0.2,0.5
785,0.1,0.0,0.1,0.0,0.1,0.0,0.0,0.1,0.1,0.5
787,0.1,0.0,0.1,0.1,0.1,0.0,0.0,0.1,0.1,0.4
788,0.1,0.1,0.1,0.0,0.1,0.0,0.0,0.1,0.1,0.4
789,0.1,0.0,0.1,0.1,0.1,0.0,0.0,0.1,0.1,0.4
790,0.1,0.0,0.1,0.1,0.1,0.0,0.0,0.1,0.1,0.4
792,0.1,0.0,0.1,0.1,0.0,0.0,0.0,0.1,0.1,0.5
793,0.1,0.0,0.1,0.1,0.0,0.0,0.0,0.1,0.1,0.5
794,0.1,0.0,0.1,0.0,0.1,0.0,0.0,0.1,0.1,0.5
795,0.1,0.0,0.1,0.0,0.1,0.0,0.0,0.1,0.1,0.5
796,0.1,0.0,0.1,0.1,0.1,0.0,0.0,0.1,0.1,0.4
797,0.1,0.1,0.1,0.0,0.1,0.0,0.0,0.1,0.1,0.4
798,0.1,0.0,0.1,0.1,0.1,0.0,0.0,0.1,0.1,0.4
799,0.1,0.1,0.1,0.0,0.1,0.0,0.0,0.1,0.1,0.4
800,0.1,0.1,0.1,0.0,0.1,0.0,0.0,0.1,0.1,0.4
801,0.1,0.0,0.1,0.1,0.1,0.0,0.0,0.1,0.1,0.4
802,0.1,0.1,0.1,0.1,0.0,0.0,0.0,0.1,0.1,0.4
803,0.1,0.0,0.1,0.0,0.0,0.0,0.0,0.1,0.2,0.5
804,0.1,0.1,0.0,0.1,0.1,0.0,0.0,0.0,0.1,0.5
805,0.0,0.1,0.1,0.1,0.1,0.0,0.0,0.0,0.2,0.4
806,0.1,0.1,0.1,0.0,0.0,0.0,0.0,0.1,0.1,0.5
807,0.1,0.0,0.1,0.1,0.1,0.0,0.0,0.1,0.1,0.4
808,0.1,0.1,0.1,0.0,0.0,0.0,0.0,0.1,0.1,0.5
809,0.1,0.0,0.1,0.1,0.1,0.0,0.0,0.1,0.1,0.4
810,0.1,0.0,0.1,0.1,0.1,0.0,0.0,0.1,0.1,0.4
811,0.1,0.1,0.1,0.0,0.0,0.0,0.0,0.1,0.1,0.5
812,0.1,0.0,0.1,0.1,0.1,0.0,0.0,0.1,0.1,0.4
813,0.1,0.1,0.1,0.0,0.1,0.0,0.0,0.1,0.1,0.4
814,0.1,0.0,0.1,0.1,0.1,0.0,0.0,0.1,0.1,0.4
815,0.1,0.0,0.1,0.1,0.0,0.0,0.0,0.1,0.1,0.5
816,0.1,0.0,0.1,0.1,0.1,0.0,0.0,0.1,0.1,0.4
817,0.1,0.0,0.1,0.1,0.1,0.0,0.0,0.1,0.1,0.4
818,0.1,0.0,0.1,0.1,0.1,0.0,0.0,0.1,0.1,0.4
819,0.1,0.0,0.1,0.1,0.1,0.0,0.0,0.1,0.1,0.4
820,0.1,0.0,0.1,0.1,0.1,0.0,0.0,0.1,0.1,0.4
821,0.1,0.1,0.1,0.0,0.0,0.0,0.0,0.1,0.1,0.5
822,0.1,0.1,0.1,0.0,0.1,0.0,0.0,0.1,0.1,0.4
823,0.1,0.0,0.1,0.1,0.0,0.0,0.0,0.1,0.1,0.5
824,0.1,0.1,0.1,0.0,0.1,0.0,0.0,0.1,0.1,0.4
826,0.1,0.1,0.1,0.0,0.0,0.0,0.0,0.1,0.1,0.5
827,0.1,0.0,0.1,0.1,0.1,0.0,0.0,0.1,0.1,0.4
828,0.1,0.0,0.1,0.1,0.0,0.0,0.0,0.1,0.1,0.5
829,0.1,0.0,0.1,0.1,0.1,0.0,0.0,0.1,0.1,0.4
830,0.1,0.0,0.1,0.1,0.0,0.0,0.0,0.1,0.1,0.5
831,0.1,0.0,0.1,0.1,0.1,0.0,0.0,0.1,0.1,0.4
832,0.1,0.0,0.1,0.1,0.1,0.0,0.0,0.1,0.1,0.4
833,0.1,0.0,0.1,0.1,0.0,0.0,0.0,0.1,0.1,0.5
834,0.1,0.1,0.1,0.0,0.0,0.0,0.0,0.1,0.1,0.5
835,0.1,0.0,0.1,0.1,0.1,0.0,0.0,0.1,0.1,0.4
837,0.1,0.1,0.1,0.0,0.0,0.0,0.0,0.1,0.1,0.5
838,0.1,0.0,0.1,0.1,0.1,0.0,0.0,0.1,0.1,0.4
839,0.1,0.0,0.1,0.1,0.1,0.0,0.0,0.1,0.1,0.4
840,0.1,0.0,0.1,0.1,0.0,0.0,0.0,0.1,0.1,0.5
842,0.1,0.0,0.1,0.1,0.0,0.0,0.0,0.1,0.1,0.5
843,0.1,0.0,0.1,0.1,0.1,0.0,0.0,0.1,0.1,0.4
844,0.1,0.0,0.1,0.1,0.0,0.0,0.0,0.0,0.2,0.5
845,0.1,0.0,0.1,0.1,0.0,0.0,0.0,0.1,0.1,0.5
846,0.1,0.1,0.1,0.0,0.1,0.0,0.0,0.0,0.1,0.5
848,0.1,0.1,0.1,0.0,0.1,0.0,0.0,0.1,0.1,0.4
849,0.1,0.0,0.1,0.0,0.1,0.0,0.0,0.0,0.1,0.6
851,0.1,0.0,0.1,0.1,0.1,0.0,0.0,0.1,0.1,0.4
852,0.1,0.1,0.0,0.1,0.0,0.0,0.0,0.1,0.1,0.5
853,0.1,0.0,0.1,0.1,0.1,0.0,0.0,0.1,0.1,0.4
854,0.1,0.0,0.1,0.1,0.1,0.0,0.0,0.1,0.1,0.4
856,0.1,0.1,0.1,0.0,0.1,0.0,0.0,0.1,0.1,0.4
857,0.0,0.1,0.1,0.1,0.1,0.0,0.0,0.1,0.1,0.4
858,0.1,0.0,0.1,0.1,0.0,0.0,0.0,0.1,0.1,0.5
859,0.1,0.0,0.1,0.1,0.0,0.0,0.0,0.1,0.1,0.5
860,0.1,0.0,0.0,0.0,0.0,0.0,0.0,0.1,0.2,0.6
861,0.1,0.0,0.1,0.0,0.1,0.0,0.0,0.1,0.1,0.5
862,0.1,0.0,0.1,0.1,0.0,0.0,0.0,0.1,0.1,0.5
863,0.1,0.0,0.1,0.0,0.1,0.0,0.0,0.1,0.1,0.5
864,0.1,0.0,0.1,0.0,0.1,0.0,0.0,0.1,0.1,0.5
865,0.1,0.0,0.1,0.1,0.1,0.0,0.0,0.1,0.1,0.4
866,0.1,0.0,0.1,0.0,0.1,0.0,0.0,0.1,0.1,0.5
867,0.1,0.0,0.1,0.1,0.0,0.0,0.0,0.1,0.2,0.4
869,0.1,0.1,0.1,0.1,0.0,0.0,0.0,0.1,0.1,0.4
870,0.1,0.1,0.1,0.0,0.0,0.0,0.0,0.1,0.1,0.5
871,0.1,0.0,0.1,0.1,0.1,0.0,0.0,0.1,0.1,0.4
872,0.1,0.0,0.1,0.1,0.0,0.0,0.0,0.0,0.2,0.5
873,0.1,0.1,0.1,0.0,0.1,0.0,0.0,0.1,0.1,0.4
874,0.1,0.0,0.1,0.1,0.1,0.0,0.0,0.1,0.1,0.4
875,0.1,0.0,0.1,0.0,0.1,0.0,0.0,0.1,0.1,0.5
876,0.1,0.0,0.1,0.1,0.1,0.0,0.0,0.1,0.1,0.4
877,0.1,0.0,0.1,0.0,0.1,0.0,0.0,0.1,0.1,0.5
878,0.1,0.0,0.1,0.0,0.1,0.0,0.0,0.1,0.1,0.5
879,0.1,0.0,0.1,0.1,0.1,0.0,0.0,0.1,0.1,0.4
880,0.1,0.0,0.1,0.1,0.1,0.0,0.0,0.1,0.1,0.4
882,0.1,0.0,0.1,0.0,0.0,0.0,0.0,0.1,0.2,0.5
883,0.1,0.0,0.1,0.1,0.1,0.0,0.0,0.1,0.1,0.4
884,0.1,0.0,0.1,0.1,0.1,0.0,0.0,0.1,0.1,0.4
885,0.1,0.0,0.1,0.1,0.0,0.0,0.0,0.1,0.1,0.5
886,0.1,0.1,0.1,0.1,0.0,0.0,0.0,0.0,0.1,0.5
887,0.0,0.0,0.1,0.1,0.0,0.0,0.1,0.0,0.2,0.5
888,0.1,0.0,0.1,0.1,0.0,0.0,0.0,0.1,0.1,0.5
889,0.1,0.1,0.1,0.1,0.0,0.0,0.0,0.1,0.1,0.4
890,0.1,0.0,0.1,0.1,0.1,0.0,0.0,0.1,0.1,0.4
891,0.1,0.1,0.1,0.0,0.1,0.0,0.0,0.1,0.1,0.4
892,0.1,0.0,0.1,0.1,0.1,0.0,0.0,0.1,0.1,0.4
893,0.1,0.0,0.1,0.1,0.1,0.0,0.0,0.1,0.1,0.4
894,0.1,0.0,0.1,0.1,0.0,0.0,0.0,0.1,0.1,0.5
895,0.1,0.0,0.1,0.0,0.0,0.0,0.0,0.1,0.2,0.5
896,0.1,0.0,0.1,0.1,0.1,0.0,0.0,0.1,0.1,0.4
897,0.1,0.0,0.1,0.1,0.0,0.0,0.0,0.1,0.1,0.5
899,0.1,0.1,0.1,0.0,0.0,0.0,0.0,0.1,0.1,0.5
900,0.1,0.0,0.1,0.1,0.1,0.0,0.0,0.1,0.1,0.4
901,0.1,0.1,0.1,0.1,0.1,0.0,0.0,0.0,0.1,0.4
902,0.1,0.0,0.1,0.1,0.0,0.0,0.0,0.1,0.1,0.5
903,0.1,0.0,0.1,0.1,0.1,0.0,0.0,0.1,0.1,0.4
904,0.1,0.1,0.1,0.1,0.0,0.0,0.0,0.1,0.1,0.4
905,0.1,0.0,0.1,0.1,0.1,0.0,0.0,0.1,0.1,0.4
906,0.1,0.0,0.1,0.1,0.1,0.0,0.0,0.1,0.1,0.4
907,0.1,0.1,0.1,0.0,0.1,0.0,0.0,0.1,0.1,0.4
908,0.1,0.0,0.1,0.0,0.0,0.0,0.0,0.1,0.2,0.5
909,0.0,0.0,0.1,0.1,0.1,0.0,0.0,0.1,0.1,0.5
910,0.1,0.0,0.1,0.1,0.1,0.0,0.0,0.1,0.1,0.4
911,0.1,0.1,0.1,0.0,0.1,0.0,0.0,0.1,0.1,0.4
912,0.1,0.0,0.1,0.1,0.1,0.0,0.0,0.1,0.1,0.4
913,0.1,0.4,0.0,0.0,0.0,0.0,0.1,0.0,0.0,0.4
914,0.1,0.0,0.1,0.1,0.1,0.0,0.0,0.1,0.1,0.4
915,0.0,0.1,0.1,0.0,0.1,0.0,0.0,0.1,0.1,0.5
916,0.1,0.0,0.1,0.1,0.1,0.0,0.0,0.1,0.1,0.4
917,0.1,0.1,0.1,0.0,0.1,0.0,0.0,0.0,0.1,0.5
918,0.1,0.0,0.1,0.0,0.1,0.0,0.0,0.1,0.1,0.5
919,0.1,0.0,0.1,0.1,0.0,0.0,0.0,0.1,0.1,0.5
920,0.1,0.1,0.1,0.0,0.1,0.0,0.0,0.1,0.1,0.4
921,0.1,0.1,0.1,0.0,0.0,0.0,0.0,0.1,0.1,0.5
922,0.1,0.0,0.1,0.1,0.1,0.0,0.0,0.1,0.1,0.4
923,0.1,0.0,0.1,0.0,0.1,0.0,0.0,0.0,0.2,0.5
924,0.1,0.0,0.1,0.1,0.1,0.0,0.0,0.1,0.1,0.4
925,0.1,0.1,0.1,0.0,0.1,0.0,0.0,0.0,0.2,0.4
926,0.1,0.1,0.1,0.0,0.1,0.0,0.0,0.1,0.1,0.4
927,0.1,0.0,0.1,0.1,0.0,0.0,0.0,0.1,0.1,0.5
928,0.1,0.1,0.1,0.0,0.0,0.0,0.0,0.1,0.1,0.5
929,0.1,0.1,0.1,0.0,0.1,0.0,0.0,0.1,0.1,0.4
930,0.1,0.0,0.1,0.1,0.0,0.0,0.0,0.1,0.1,0.5
931,0.1,0.0,0.1,0.1,0.1,0.0,0.0,0.1,0.1,0.4
932,0.1,0.0,0.1,0.1,0.1,0.0,0.0,0.1,0.1,0.4
933,0.1,0.0,0.1,0.0,0.1,0.0,0.0,0.1,0.1,0.5
934,0.1,0.0,0.1,0.0,0.1,0.0,0.0,0.1,0.1,0.5
935,0.1,0.0,0.1,0.1,0.1,0.0,0.0,0.1,0.1,0.4
936,0.1,0.0,0.1,0.1,0.1,0.0,0.0,0.1,0.1,0.4
937,0.1,0.0,0.1,0.1,0.1,0.0,0.0,0.0,0.1,0.5
938,0.1,0.1,0.1,0.0,0.0,0.0,0.0,0.1,0.1,0.5
939,0.1,0.1,0.1,0.0,0.1,0.0,0.0,0.0,0.2,0.4
