user_id,Male,Female,Non-binary,Other
1,1.0,0.0,0.0,0.0
2,0.6666666666666666,0.3333333333333333,0.0,0.0
3,0.7878787878787878,0.21212121212121213,0.0,0.0
4,0.5892857142857143,0.4107142857142857,0.0,0.0
5,0.6666666666666666,0.3333333333333333,0.0,0.0
6,0.2698412698412698,0.7142857142857143,0.015873015873015872,0.0
7,0.32413793103448274,0.6620689655172414,0.013793103448275862,0.0
8,0.11214953271028037,0.7897196261682243,0.09813084112149532,0.0
9,0.9130434782608695,0.08695652173913043,0.0,0.0
11,1.0,0.0,0.0,0.0
12,0.05660377358490566,0.8113207547169812,0.1320754716981132,0.0
14,0.9,0.1,0.0,0.0
15,0.5263157894736842,0.45614035087719296,0.017543859649122806,0.0
16,0.72,0.28,0.0,0.0
17,0.5,0.5,0.0,0.0
18,0.75,0.25,0.0,0.0
19,0.6086956521739131,0.391304347826087,0.0,0.0
20,0.6299212598425197,0.3700787401574803,0.0,0.0
21,0.6666666666666666,0.3333333333333333,0.0,0.0
22,0.05405405405405406,0.9459459459459459,0.0,0.0
23,0.5652173913043478,0.43478260869565216,0.0,0.0
24,0.3333333333333333,0.6666666666666666,0.0,0.0
25,0.4,0.6,0.0,0.0
26,0.8208092485549133,0.15606936416184972,0.023121387283236993,0.0
27,0.9230769230769231,0.07692307692307693,0.0,0.0
28,1.0,0.0,0.0,0.0
29,0.7857142857142857,0.14285714285714285,0.07142857142857142,0.0
30,0.5789473684210527,0.42105263157894735,0.0,0.0
31,0.1826086956521739,0.808695652173913,0.008695652173913044,0.0
32,1.0,0.0,0.0,0.0
33,0.8962264150943396,0.10377358490566038,0.0,0.0
34,0.9736842105263158,0.02631578947368421,0.0,0.0
35,0.5,0.5,0.0,0.0
36,0.734375,0.265625,0.0,0.0
37,0.0975609756097561,0.9024390243902439,0.0,0.0
38,0.4069767441860465,0.5930232558139535,0.0,0.0
39,0.4774774774774775,0.5135135135135135,0.009009009009009009,0.0
40,0.8,0.2,0.0,0.0
41,0.8461538461538461,0.11538461538461539,0.038461538461538464,0.0
42,0.9375,0.0625,0.0,0.0
43,1.0,0.0,0.0,0.0
44,0.46153846153846156,0.36923076923076925,0.16923076923076924,0.0
45,0.2857142857142857,0.7142857142857143,0.0,0.0
47,0.48214285714285715,0.5178571428571429,0.0,0.0
48,0.7692307692307693,0.23076923076923078,0.0,0.0
49,1.0,0.0,0.0,0.0
50,0.6522633744855967,0.3333333333333333,0.01440329218106996,0.0
51,0.6334661354581673,0.3386454183266932,0.027888446215139442,0.0
52,0.7777777777777778,0.2222222222222222,0.0,0.0
53,0.4810126582278481,0.5189873417721519,0.0,0.0
54,0.6470588235294118,0.20588235294117646,0.14705882352941177,0.0
55,1.0,0.0,0.0,0.0
56,0.9428571428571428,0.05714285714285714,0.0,0.0
57,0.822429906542056,0.14953271028037382,0.028037383177570093,0.0
58,0.5977653631284916,0.4022346368715084,0.0,0.0
60,0.9090909090909091,0.09090909090909091,0.0,0.0
61,1.0,0.0,0.0,0.0
62,0.2,0.8,0.0,0.0
64,0.4126984126984127,0.582010582010582,0.005291005291005291,0.0
65,0.9191919191919192,0.050505050505050504,0.030303030303030304,0.0
66,0.6666666666666666,0.3333333333333333,0.0,0.0
67,0.8275862068965517,0.1724137931034483,0.0,0.0
68,0.0,0.0,1.0,0.0
69,1.0,0.0,0.0,0.0
70,0.7553191489361702,0.24468085106382978,0.0,0.0
71,0.5833333333333334,0.4166666666666667,0.0,0.0
72,0.5882352941176471,0.4117647058823529,0.0,0.0
73,0.5238095238095238,0.47619047619047616,0.0,0.0
74,0.627906976744186,0.37209302325581395,0.0,0.0
75,0.8738738738738738,0.12612612612612611,0.0,0.0
76,0.8,0.2,0.0,0.0
77,0.75,0.25,0.0,0.0
78,0.48951048951048953,0.5034965034965035,0.006993006993006993,0.0
79,0.8529411764705882,0.14705882352941177,0.0,0.0
80,0.0,1.0,0.0,0.0
81,0.2857142857142857,0.7142857142857143,0.0,0.0
82,0.375,0.625,0.0,0.0
83,0.9363057324840764,0.06369426751592357,0.0,0.0
84,0.7777777777777778,0.2222222222222222,0.0,0.0
85,1.0,0.0,0.0,0.0
86,0.9523809523809523,0.047619047619047616,0.0,0.0
87,0.4727272727272727,0.5272727272727272,0.0,0.0
88,0.6875,0.3125,0.0,0.0
89,0.47368421052631576,0.5263157894736842,0.0,0.0
90,0.714828897338403,0.28517110266159695,0.0,0.0
91,0.7777777777777778,0.2222222222222222,0.0,0.0
92,1.0,0.0,0.0,0.0
93,0.4666666666666667,0.5333333333333333,0.0,0.0
94,1.0,0.0,0.0,0.0
95,0.5137614678899083,0.47706422018348627,0.009174311926605505,0.0
96,0.4117647058823529,0.5882352941176471,0.0,0.0
97,0.47540983606557374,0.5245901639344263,0.0,0.0
98,0.8113207547169812,0.18867924528301888,0.0,0.0
99,0.11510791366906475,0.8489208633093526,0.03597122302158273,0.0
100,0.5714285714285714,0.42857142857142855,0.0,0.0
101,0.5,0.5,0.0,0.0
102,0.6627906976744186,0.26744186046511625,0.06976744186046512,0.0
103,0.7142857142857143,0.2857142857142857,0.0,0.0
104,0.5714285714285714,0.42857142857142855,0.0,0.0
105,0.9285714285714286,0.07142857142857142,0.0,0.0
106,0.5,0.5,0.0,0.0
107,0.8444444444444444,0.15555555555555556,0.0,0.0
108,0.15384615384615385,0.8461538461538461,0.0,0.0
110,0.9166666666666666,0.08333333333333333,0.0,0.0
111,0.75,0.25,0.0,0.0
112,0.5882352941176471,0.4117647058823529,0.0,0.0
113,0.5348837209302325,0.46511627906976744,0.0,0.0
115,0.2727272727272727,0.7272727272727273,0.0,0.0
116,0.8333333333333334,0.16666666666666666,0.0,0.0
117,0.8237037037037037,0.17037037037037037,0.005925925925925926,0.0
118,0.21739130434782608,0.782608695652174,0.0,0.0
119,0.2158273381294964,0.7745803357314148,0.009592326139088728,0.0
120,1.0,0.0,0.0,0.0
121,0.8888888888888888,0.1111111111111111,0.0,0.0
123,0.9603960396039604,0.039603960396039604,0.0,0.0
124,1.0,0.0,0.0,0.0
125,1.0,0.0,0.0,0.0
126,0.5529411764705883,0.43529411764705883,0.011764705882352941,0.0
127,0.7018181818181818,0.29818181818181816,0.0,0.0
128,0.9666666666666667,0.03333333333333333,0.0,0.0
129,0.3076923076923077,0.676923076923077,0.015384615384615385,0.0
130,0.6666666666666666,0.3333333333333333,0.0,0.0
131,0.8461538461538461,0.15384615384615385,0.0,0.0
132,0.3976190476190476,0.5845238095238096,0.017857142857142856,0.0
133,0.11594202898550725,0.8840579710144928,0.0,0.0
134,0.7862595419847328,0.1984732824427481,0.015267175572519083,0.0
135,0.9342403628117913,0.06575963718820861,0.0,0.0
136,0.7272727272727273,0.2727272727272727,0.0,0.0
137,0.2903225806451613,0.7096774193548387,0.0,0.0
138,0.8260869565217391,0.17391304347826086,0.0,0.0
140,1.0,0.0,0.0,0.0
141,0.1919191919191919,0.8080808080808081,0.0,0.0
142,0.7209302325581395,0.27906976744186046,0.0,0.0
143,0.3014705882352941,0.6102941176470589,0.08823529411764706,0.0
144,0.75,0.25,0.0,0.0
145,0.4557522123893805,0.5442477876106194,0.0,0.0
146,0.0,1.0,0.0,0.0
147,0.6944444444444444,0.3055555555555556,0.0,0.0
148,0.3611111111111111,0.5972222222222222,0.041666666666666664,0.0
149,0.8888888888888888,0.1111111111111111,0.0,0.0
150,1.0,0.0,0.0,0.0
151,0.7641509433962265,0.2358490566037736,0.0,0.0
152,1.0,0.0,0.0,0.0
153,0.4,0.6,0.0,0.0
154,0.8648648648648649,0.13513513513513514,0.0,0.0
155,0.0,1.0,0.0,0.0
156,0.7222222222222222,0.2777777777777778,0.0,0.0
157,0.55,0.45,0.0,0.0
158,0.1111111111111111,0.8888888888888888,0.0,0.0
159,0.7464788732394366,0.2535211267605634,0.0,0.0
160,1.0,0.0,0.0,0.0
161,0.09090909090909091,0.9090909090909091,0.0,0.0
162,0.45714285714285713,0.5428571428571428,0.0,0.0
163,0.8,0.2,0.0,0.0
164,0.625,0.375,0.0,0.0
165,0.8552631578947368,0.14473684210526316,0.0,0.0
166,0.43859649122807015,0.49122807017543857,0.07017543859649122,0.0
167,0.9705882352941176,0.029411764705882353,0.0,0.0
168,0.75,0.25,0.0,0.0
169,0.3333333333333333,0.6666666666666666,0.0,0.0
170,0.9210526315789473,0.07894736842105263,0.0,0.0
171,0.7910447761194029,0.19402985074626866,0.014925373134328358,0.0
172,0.5454545454545454,0.45454545454545453,0.0,0.0
173,0.75,0.25,0.0,0.0
174,1.0,0.0,0.0,0.0
175,0.46153846153846156,0.5384615384615384,0.0,0.0
176,0.6666666666666666,0.3333333333333333,0.0,0.0
177,0.631578947368421,0.2631578947368421,0.10526315789473684,0.0
178,0.7777777777777778,0.2222222222222222,0.0,0.0
179,0.6,0.4,0.0,0.0
181,0.3375,0.6625,0.0,0.0
182,0.42857142857142855,0.5714285714285714,0.0,0.0
183,0.10583153347732181,0.8833693304535637,0.01079913606911447,0.0
184,0.6372549019607843,0.3627450980392157,0.0,0.0
185,0.9090909090909091,0.09090909090909091,0.0,0.0
186,0.7058823529411765,0.29411764705882354,0.0,0.0
187,0.5,0.46153846153846156,0.038461538461538464,0.0
188,0.75,0.25,0.0,0.0
189,0.35064935064935066,0.6493506493506493,0.0,0.0
190,0.6944444444444444,0.2777777777777778,0.013888888888888888,0.013888888888888888
191,1.0,0.0,0.0,0.0
192,0.427536231884058,0.572463768115942,0.0,0.0
193,0.9574468085106383,0.0425531914893617,0.0,0.0
194,0.14893617021276595,0.851063829787234,0.0,0.0
196,0.10880829015544041,0.8911917098445595,0.0,0.0
198,1.0,0.0,0.0,0.0
199,0.25,0.75,0.0,0.0
200,0.5495049504950495,0.44554455445544555,0.0049504950495049506,0.0
201,0.6431924882629108,0.3004694835680751,0.056338028169014086,0.0
202,0.48905109489051096,0.5109489051094891,0.0,0.0
203,0.16129032258064516,0.8225806451612904,0.016129032258064516,0.0
204,0.12449799196787148,0.8514056224899599,0.024096385542168676,0.0
205,1.0,0.0,0.0,0.0
206,0.9444444444444444,0.05555555555555555,0.0,0.0
207,0.5454545454545454,0.3939393939393939,0.06060606060606061,0.0
209,0.917910447761194,0.055970149253731345,0.026119402985074626,0.0
210,0.8,0.2,0.0,0.0
211,0.0,1.0,0.0,0.0
212,1.0,0.0,0.0,0.0
213,0.6590909090909091,0.3181818181818182,0.022727272727272728,0.0
214,0.8235294117647058,0.17647058823529413,0.0,0.0
215,0.953125,0.046875,0.0,0.0
216,0.875,0.125,0.0,0.0
217,0.25,0.75,0.0,0.0
218,0.6384615384615384,0.35128205128205126,0.010256410256410256,0.0
219,0.7789473684210526,0.22105263157894736,0.0,0.0
220,0.5988023952095808,0.39520958083832336,0.005988023952095809,0.0
221,0.6515151515151515,0.3484848484848485,0.0,0.0
223,0.16666666666666666,0.6388888888888888,0.19444444444444445,0.0
224,0.43478260869565216,0.5652173913043478,0.0,0.0
225,0.7058823529411765,0.29411764705882354,0.0,0.0
226,0.7254901960784313,0.27450980392156865,0.0,0.0
227,0.5555555555555556,0.4444444444444444,0.0,0.0
228,0.04318936877076412,0.9568106312292359,0.0,0.0
229,0.5193798449612403,0.46124031007751937,0.01937984496124031,0.0
230,1.0,0.0,0.0,0.0
231,0.6793893129770993,0.32061068702290074,0.0,0.0
232,0.7317073170731707,0.2682926829268293,0.0,0.0
233,0.7358490566037735,0.24056603773584906,0.02358490566037736,0.0
234,0.9615384615384616,0.038461538461538464,0.0,0.0
235,1.0,0.0,0.0,0.0
236,0.28888888888888886,0.7111111111111111,0.0,0.0
237,0.6,0.4,0.0,0.0
238,0.5,0.5,0.0,0.0
239,0.5,0.5,0.0,0.0
240,1.0,0.0,0.0,0.0
241,0.2640901771336554,0.7246376811594203,0.011272141706924315,0.0
242,0.875,0.125,0.0,0.0
243,0.6352941176470588,0.36470588235294116,0.0,0.0
245,0.6428571428571429,0.3142857142857143,0.04285714285714286,0.0
246,0.9722222222222222,0.027777777777777776,0.0,0.0
247,0.9655172413793104,0.034482758620689655,0.0,0.0
248,0.78125,0.21875,0.0,0.0
249,0.5652173913043478,0.43478260869565216,0.0,0.0
250,0.6851851851851852,0.3148148148148148,0.0,0.0
251,0.8421052631578947,0.15789473684210525,0.0,0.0
252,0.06666666666666667,0.8428571428571429,0.09047619047619047,0.0
253,0.6666666666666666,0.3333333333333333,0.0,0.0
254,1.0,0.0,0.0,0.0
256,0.4,0.6,0.0,0.0
257,0.5454545454545454,0.45454545454545453,0.0,0.0
258,0.8914285714285715,0.10857142857142857,0.0,0.0
259,0.8181818181818182,0.18181818181818182,0.0,0.0
261,0.125,0.875,0.0,0.0
262,0.8122866894197952,0.18088737201365188,0.006825938566552901,0.0
263,0.8181818181818182,0.18181818181818182,0.0,0.0
264,0.8461538461538461,0.15384615384615385,0.0,0.0
265,0.7508896797153025,0.2491103202846975,0.0,0.0
266,0.47619047619047616,0.5190476190476191,0.004761904761904762,0.0
267,0.42857142857142855,0.5714285714285714,0.0,0.0
268,0.9069767441860465,0.09302325581395349,0.0,0.0
269,0.9333333333333333,0.06666666666666667,0.0,0.0
270,0.5,0.5,0.0,0.0
271,0.35333333333333333,0.6466666666666666,0.0,0.0
272,0.9090909090909091,0.09090909090909091,0.0,0.0
273,0.8974358974358975,0.10256410256410256,0.0,0.0
274,1.0,0.0,0.0,0.0
275,0.5853658536585366,0.4146341463414634,0.0,0.0
276,0.75,0.25,0.0,0.0
277,1.0,0.0,0.0,0.0
278,0.9705882352941176,0.029411764705882353,0.0,0.0
279,0.23404255319148937,0.7659574468085106,0.0,0.0
280,1.0,0.0,0.0,0.0
281,0.875,0.125,0.0,0.0
282,0.7884615384615384,0.19230769230769232,0.019230769230769232,0.0
284,0.7654320987654321,0.2345679012345679,0.0,0.0
286,0.75,0.25,0.0,0.0
287,0.31117021276595747,0.6781914893617021,0.010638297872340425,0.0
288,0.6153846153846154,0.38461538461538464,0.0,0.0
289,1.0,0.0,0.0,0.0
290,0.8461538461538461,0.07692307692307693,0.07692307692307693,0.0
291,0.717948717948718,0.28205128205128205,0.0,0.0
292,0.8333333333333334,0.16666666666666666,0.0,0.0
293,0.8,0.2,0.0,0.0
294,0.8333333333333334,0.16666666666666666,0.0,0.0
295,0.22113502935420742,0.7749510763209393,0.003913894324853229,0.0
296,0.5844748858447488,0.4155251141552511,0.0,0.0
297,0.9425287356321839,0.04597701149425287,0.0,0.011494252873563218
299,0.896551724137931,0.0,0.10344827586206896,0.0
300,0.2857142857142857,0.7142857142857143,0.0,0.0
301,0.7777777777777778,0.2222222222222222,0.0,0.0
302,0.2,0.8,0.0,0.0
303,1.0,0.0,0.0,0.0
304,0.8518518518518519,0.14814814814814814,0.0,0.0
305,0.6176470588235294,0.38235294117647056,0.0,0.0
306,0.2891566265060241,0.7028112449799196,0.008032128514056224,0.0
307,0.027777777777777776,0.9722222222222222,0.0,0.0
308,0.809322033898305,0.1864406779661017,0.0,0.00423728813559322
309,0.8333333333333334,0.16666666666666666,0.0,0.0
310,0.5454545454545454,0.45454545454545453,0.0,0.0
311,0.5135135135135135,0.46846846846846846,0.018018018018018018,0.0
312,1.0,0.0,0.0,0.0
313,0.5517241379310345,0.4482758620689655,0.0,0.0
315,0.4,0.6,0.0,0.0
316,0.5333333333333333,0.4666666666666667,0.0,0.0
317,1.0,0.0,0.0,0.0
318,0.21666666666666667,0.6333333333333333,0.15,0.0
319,0.7027027027027027,0.2972972972972973,0.0,0.0
320,1.0,0.0,0.0,0.0
321,0.4489795918367347,0.5102040816326531,0.04081632653061224,0.0
322,0.2734375,0.6875,0.0390625,0.0
323,0.7692307692307693,0.23076923076923078,0.0,0.0
324,0.8461538461538461,0.07692307692307693,0.07692307692307693,0.0
325,0.845360824742268,0.15463917525773196,0.0,0.0
326,0.948339483394834,0.05166051660516605,0.0,0.0
328,0.9310344827586207,0.06896551724137931,0.0,0.0
330,0.8076923076923077,0.19230769230769232,0.0,0.0
331,0.9,0.1,0.0,0.0
332,0.07142857142857142,0.9285714285714286,0.0,0.0
333,0.42805755395683454,0.5467625899280576,0.025179856115107913,0.0
334,0.4166666666666667,0.5416666666666666,0.041666666666666664,0.0
335,0.7142857142857143,0.2857142857142857,0.0,0.0
336,0.41487279843444225,0.5753424657534246,0.009784735812133072,0.0
337,0.4774193548387097,0.5161290322580645,0.0064516129032258064,0.0
338,0.23333333333333334,0.7166666666666667,0.05,0.0
339,0.8686131386861314,0.13138686131386862,0.0,0.0
340,0.76,0.24,0.0,0.0
341,0.8823529411764706,0.11764705882352941,0.0,0.0
342,0.9243697478991597,0.07563025210084033,0.0,0.0
343,0.8181818181818182,0.18181818181818182,0.0,0.0
344,0.9306930693069307,0.06930693069306931,0.0,0.0
345,0.8192771084337349,0.14457831325301204,0.03614457831325301,0.0
346,0.5531914893617021,0.40425531914893614,0.0425531914893617,0.0
347,0.5652173913043478,0.43478260869565216,0.0,0.0
348,0.6451612903225806,0.3548387096774194,0.0,0.0
349,0.2631578947368421,0.7368421052631579,0.0,0.0
350,0.9032258064516129,0.0967741935483871,0.0,0.0
351,0.8064516129032258,0.1935483870967742,0.0,0.0
352,1.0,0.0,0.0,0.0
353,0.7647058823529411,0.23529411764705882,0.0,0.0
354,0.5362318840579711,0.463768115942029,0.0,0.0
355,0.8533333333333334,0.14666666666666667,0.0,0.0
357,0.8695652173913043,0.13043478260869565,0.0,0.0
358,0.4782608695652174,0.5217391304347826,0.0,0.0
359,1.0,0.0,0.0,0.0
360,0.0,1.0,0.0,0.0
361,0.6229508196721312,0.36065573770491804,0.01639344262295082,0.0
362,1.0,0.0,0.0,0.0
363,0.7333333333333333,0.26666666666666666,0.0,0.0
364,0.7470588235294118,0.2529411764705882,0.0,0.0
365,0.3333333333333333,0.6666666666666666,0.0,0.0
366,0.9213483146067416,0.07865168539325842,0.0,0.0
367,0.803921568627451,0.19607843137254902,0.0,0.0
369,0.16666666666666666,0.7777777777777778,0.05555555555555555,0.0
370,0.47368421052631576,0.5263157894736842,0.0,0.0
371,0.8634020618556701,0.12886597938144329,0.007731958762886598,0.0
372,0.2777777777777778,0.7222222222222222,0.0,0.0
373,0.1111111111111111,0.8888888888888888,0.0,0.0
374,1.0,0.0,0.0,0.0
375,0.4375,0.5625,0.0,0.0
376,0.8823529411764706,0.0,0.0,0.11764705882352941
377,0.6333333333333333,0.36666666666666664,0.0,0.0
378,0.7580645161290323,0.24193548387096775,0.0,0.0
379,0.4,0.6,0.0,0.0
380,1.0,0.0,0.0,0.0
381,0.4858490566037736,0.5141509433962265,0.0,0.0
382,0.9310344827586207,0.06896551724137931,0.0,0.0
383,0.3136094674556213,0.6745562130177515,0.011834319526627219,0.0
384,0.6415094339622641,0.3584905660377358,0.0,0.0
385,0.6,0.4,0.0,0.0
386,0.8461538461538461,0.15384615384615385,0.0,0.0
387,1.0,0.0,0.0,0.0
388,0.9285714285714286,0.07142857142857142,0.0,0.0
389,0.5,0.5,0.0,0.0
390,0.916058394160584,0.08394160583941605,0.0,0.0
391,0.41711229946524064,0.5668449197860963,0.016042780748663103,0.0
393,0.5714285714285714,0.42857142857142855,0.0,0.0
394,1.0,0.0,0.0,0.0
395,0.7468354430379747,0.25316455696202533,0.0,0.0
396,0.07441860465116279,0.9255813953488372,0.0,0.0
397,0.625,0.375,0.0,0.0
398,0.989010989010989,0.01098901098901099,0.0,0.0
399,0.5892857142857143,0.35714285714285715,0.0,0.05357142857142857
400,0.0,0.0,1.0,0.0
401,0.9714285714285714,0.02857142857142857,0.0,0.0
402,0.86,0.14,0.0,0.0
403,0.5153846153846153,0.47692307692307695,0.007692307692307693,0.0
404,0.7631578947368421,0.23684210526315788,0.0,0.0
406,0.6666666666666666,0.3333333333333333,0.0,0.0
407,0.3333333333333333,0.6666666666666666,0.0,0.0
408,0.5625,0.4,0.0375,0.0
409,0.631578947368421,0.3684210526315789,0.0,0.0
410,0.8365384615384616,0.14423076923076922,0.019230769230769232,0.0
411,0.8235294117647058,0.17016806722689076,0.0063025210084033615,0.0
412,0.7647058823529411,0.23529411764705882,0.0,0.0
413,1.0,0.0,0.0,0.0
414,0.35135135135135137,0.6486486486486487,0.0,0.0
415,0.7692307692307693,0.23076923076923078,0.0,0.0
416,0.45454545454545453,0.5454545454545454,0.0,0.0
417,0.2360248447204969,0.7360248447204969,0.027950310559006212,0.0
419,0.5666666666666667,0.43333333333333335,0.0,0.0
420,0.2857142857142857,0.7142857142857143,0.0,0.0
421,1.0,0.0,0.0,0.0
422,0.6333333333333333,0.36666666666666664,0.0,0.0
424,0.35294117647058826,0.5686274509803921,0.0784313725490196,0.0
427,0.546875,0.4375,0.0,0.015625
428,0.61,0.39,0.0,0.0
429,0.6666666666666666,0.3333333333333333,0.0,0.0
430,0.24285714285714285,0.7285714285714285,0.02857142857142857,0.0
431,0.31176470588235294,0.6882352941176471,0.0,0.0
432,0.375,0.625,0.0,0.0
433,0.2,0.8,0.0,0.0
434,1.0,0.0,0.0,0.0
435,0.9210526315789473,0.05263157894736842,0.02631578947368421,0.0
436,0.4,0.6,0.0,0.0
437,0.6233766233766234,0.329004329004329,0.047619047619047616,0.0
438,0.6923076923076923,0.3076923076923077,0.0,0.0
439,0.6666666666666666,0.3333333333333333,0.0,0.0
440,0.4,0.6,0.0,0.0
441,0.8666666666666667,0.13333333333333333,0.0,0.0
442,1.0,0.0,0.0,0.0
443,0.44936708860759494,0.5316455696202531,0.0189873417721519,0.0
444,0.26136363636363635,0.7272727272727273,0.011363636363636364,0.0
445,0.7777777777777778,0.1111111111111111,0.1111111111111111,0.0
446,0.7470817120622568,0.2529182879377432,0.0,0.0
447,1.0,0.0,0.0,0.0
448,0.525,0.475,0.0,0.0
449,0.6428571428571429,0.2857142857142857,0.07142857142857142,0.0
451,0.7727272727272727,0.22727272727272727,0.0,0.0
452,0.9183673469387755,0.08163265306122448,0.0,0.0
453,0.6842105263157895,0.3157894736842105,0.0,0.0
454,0.9285714285714286,0.07142857142857142,0.0,0.0
455,1.0,0.0,0.0,0.0
456,0.7111111111111111,0.28888888888888886,0.0,0.0
457,0.6178861788617886,0.3170731707317073,0.06504065040650407,0.0
458,0.25,0.75,0.0,0.0
459,0.75,0.25,0.0,0.0
460,0.2765957446808511,0.6990881458966566,0.0243161094224924,0.0
461,1.0,0.0,0.0,0.0
462,0.7894736842105263,0.21052631578947367,0.0,0.0
463,0.23809523809523808,0.7619047619047619,0.0,0.0
464,0.1,0.6,0.3,0.0
465,0.9272727272727272,0.07272727272727272,0.0,0.0
466,0.4864864864864865,0.5135135135135135,0.0,0.0
467,1.0,0.0,0.0,0.0
468,0.3242320819112628,0.6655290102389079,0.010238907849829351,0.0
469,0.0,0.9375,0.0625,0.0
470,0.24444444444444444,0.7555555555555555,0.0,0.0
471,0.65625,0.3125,0.03125,0.0
472,0.2727272727272727,0.7272727272727273,0.0,0.0
473,0.5,0.5,0.0,0.0
474,0.9473684210526315,0.05263157894736842,0.0,0.0
475,1.0,0.0,0.0,0.0
476,0.6666666666666666,0.3333333333333333,0.0,0.0
477,0.4230769230769231,0.5769230769230769,0.0,0.0
478,0.84,0.16,0.0,0.0
479,0.6559139784946236,0.3333333333333333,0.010752688172043012,0.0
480,0.44,0.56,0.0,0.0
481,0.7142857142857143,0.14285714285714285,0.14285714285714285,0.0
482,0.5847953216374269,0.4152046783625731,0.0,0.0
483,0.5,0.5,0.0,0.0
484,0.5217391304347826,0.4782608695652174,0.0,0.0
485,0.6896551724137931,0.3103448275862069,0.0,0.0
487,0.8648648648648649,0.13513513513513514,0.0,0.0
488,0.6165413533834586,0.38345864661654133,0.0,0.0
489,0.4,0.6,0.0,0.0
490,0.9166666666666666,0.08333333333333333,0.0,0.0
491,0.7073170731707317,0.2926829268292683,0.0,0.0
492,0.25,0.75,0.0,0.0
493,0.6147058823529412,0.38529411764705884,0.0,0.0
494,1.0,0.0,0.0,0.0
495,0.23529411764705882,0.7647058823529411,0.0,0.0
496,0.9154929577464789,0.08450704225352113,0.0,0.0
497,0.8,0.2,0.0,0.0
498,0.8070175438596491,0.19298245614035087,0.0,0.0
499,0.42105263157894735,0.5789473684210527,0.0,0.0
500,0.4691358024691358,0.5185185185185185,0.012345679012345678,0.0
501,0.06285714285714286,0.9371428571428572,0.0,0.0
502,0.9540229885057471,0.04597701149425287,0.0,0.0
503,0.75,0.125,0.125,0.0
504,0.25,0.75,0.0,0.0
505,0.4897959183673469,0.4897959183673469,0.02040816326530612,0.0
506,0.7857142857142857,0.21428571428571427,0.0,0.0
507,0.41935483870967744,0.5806451612903226,0.0,0.0
509,0.5510204081632653,0.4489795918367347,0.0,0.0
510,0.9014084507042254,0.09859154929577464,0.0,0.0
511,0.0,1.0,0.0,0.0
512,0.875,0.125,0.0,0.0
513,0.25,0.75,0.0,0.0
514,0.9444444444444444,0.05555555555555555,0.0,0.0
515,0.017857142857142856,0.9821428571428571,0.0,0.0
516,0.5619047619047619,0.4380952380952381,0.0,0.0
517,0.027777777777777776,0.8833333333333333,0.08888888888888889,0.0
518,0.7469135802469136,0.25308641975308643,0.0,0.0
519,0.6666666666666666,0.3333333333333333,0.0,0.0
520,0.6351351351351351,0.36486486486486486,0.0,0.0
521,0.7407407407407407,0.25925925925925924,0.0,0.0
522,0.2785714285714286,0.7214285714285714,0.0,0.0
523,0.6086956521739131,0.391304347826087,0.0,0.0
524,0.11242603550295859,0.8875739644970414,0.0,0.0
525,1.0,0.0,0.0,0.0
526,1.0,0.0,0.0,0.0
527,0.3390804597701149,0.6609195402298851,0.0,0.0
528,0.8113207547169812,0.18867924528301888,0.0,0.0
529,0.7931034482758621,0.20689655172413793,0.0,0.0
530,0.569620253164557,0.43037974683544306,0.0,0.0
531,1.0,0.0,0.0,0.0
532,0.0,1.0,0.0,0.0
533,0.7037037037037037,0.2962962962962963,0.0,0.0
534,0.7777777777777778,0.2222222222222222,0.0,0.0
535,0.21052631578947367,0.7894736842105263,0.0,0.0
536,0.47619047619047616,0.5238095238095238,0.0,0.0
537,0.6052631578947368,0.39473684210526316,0.0,0.0
538,0.85,0.15,0.0,0.0
539,1.0,0.0,0.0,0.0
540,0.6,0.4,0.0,0.0
541,0.864963503649635,0.13138686131386862,0.0,0.0036496350364963502
542,0.9259259259259259,0.07407407407407407,0.0,0.0
543,0.0,1.0,0.0,0.0
544,0.9473684210526315,0.05263157894736842,0.0,0.0
545,0.59375,0.40625,0.0,0.0
546,0.1564625850340136,0.7210884353741497,0.12244897959183673,0.0
547,0.8,0.2,0.0,0.0
548,0.8333333333333334,0.16666666666666666,0.0,0.0
549,0.9,0.0,0.1,0.0
550,0.1407766990291262,0.8543689320388349,0.0048543689320388345,0.0
551,0.3333333333333333,0.6666666666666666,0.0,0.0
552,0.6666666666666666,0.3333333333333333,0.0,0.0
553,1.0,0.0,0.0,0.0
554,1.0,0.0,0.0,0.0
555,1.0,0.0,0.0,0.0
556,0.543859649122807,0.43859649122807015,0.017543859649122806,0.0
557,0.6,0.4,0.0,0.0
558,0.7032967032967034,0.2692307692307692,0.027472527472527472,0.0
560,0.8333333333333334,0.16666666666666666,0.0,0.0
561,0.8125,0.1875,0.0,0.0
562,0.1875,0.75,0.0625,0.0
563,0.9936708860759493,0.006329113924050633,0.0,0.0
564,0.28878281622911695,0.6706443914081146,0.0405727923627685,0.0
565,0.7580645161290323,0.24193548387096775,0.0,0.0
566,0.803030303030303,0.19696969696969696,0.0,0.0
567,0.8461538461538461,0.15384615384615385,0.0,0.0
568,0.59375,0.375,0.03125,0.0
569,0.25,0.75,0.0,0.0
570,0.04336043360433604,0.9566395663956639,0.0,0.0
571,1.0,0.0,0.0,0.0
573,0.9047619047619048,0.09523809523809523,0.0,0.0
574,1.0,0.0,0.0,0.0
575,0.6764705882352942,0.3161764705882353,0.0,0.007352941176470588
576,0.7368421052631579,0.2631578947368421,0.0,0.0
578,1.0,0.0,0.0,0.0
579,0.8367346938775511,0.14285714285714285,0.02040816326530612,0.0
580,0.0,1.0,0.0,0.0
581,0.5675675675675675,0.43243243243243246,0.0,0.0
582,0.7666666666666667,0.23333333333333334,0.0,0.0
583,0.10526315789473684,0.8947368421052632,0.0,0.0
584,0.4375,0.5625,0.0,0.0
585,0.064,0.936,0.0,0.0
586,0.8125,0.1875,0.0,0.0
587,0.5714285714285714,0.42857142857142855,0.0,0.0
588,0.4301675977653631,0.5698324022346368,0.0,0.0
590,1.0,0.0,0.0,0.0
592,0.010869565217391304,0.9891304347826086,0.0,0.0
593,0.5555555555555556,0.4444444444444444,0.0,0.0
594,0.8,0.2,0.0,0.0
595,1.0,0.0,0.0,0.0
596,0.75,0.25,0.0,0.0
597,0.28205128205128205,0.717948717948718,0.0,0.0
598,0.3548387096774194,0.6129032258064516,0.03225806451612903,0.0
599,0.7131782945736435,0.2868217054263566,0.0,0.0
600,0.8181818181818182,0.18181818181818182,0.0,0.0
601,0.5357142857142857,0.45714285714285713,0.007142857142857143,0.0
602,0.23684210526315788,0.7631578947368421,0.0,0.0
603,0.6326530612244898,0.14285714285714285,0.22448979591836735,0.0
604,0.9333333333333333,0.06666666666666667,0.0,0.0
605,0.5909090909090909,0.06818181818181818,0.3409090909090909,0.0
606,0.6006944444444444,0.3940972222222222,0.005208333333333333,0.0
607,0.8947368421052632,0.10526315789473684,0.0,0.0
608,0.2621359223300971,0.7281553398058253,0.009708737864077669,0.0
609,0.16666666666666666,0.8333333333333334,0.0,0.0
610,0.3333333333333333,0.6666666666666666,0.0,0.0
611,0.875,0.125,0.0,0.0
612,0.3,0.7,0.0,0.0
613,0.9695121951219512,0.03048780487804878,0.0,0.0
614,0.9739130434782609,0.02608695652173913,0.0,0.0
615,0.7631578947368421,0.23684210526315788,0.0,0.0
616,0.5,0.5,0.0,0.0
617,0.8333333333333334,0.16666666666666666,0.0,0.0
618,0.5652173913043478,0.3115942028985507,0.12318840579710146,0.0
619,0.6,0.4,0.0,0.0
620,0.1779816513761468,0.8201834862385321,0.001834862385321101,0.0
621,0.6410256410256411,0.358974358974359,0.0,0.0
622,0.16666666666666666,0.8333333333333334,0.0,0.0
623,1.0,0.0,0.0,0.0
624,0.7643979057591623,0.23036649214659685,0.005235602094240838,0.0
626,0.35294117647058826,0.6470588235294118,0.0,0.0
628,0.4,0.6,0.0,0.0
629,1.0,0.0,0.0,0.0
630,0.8571428571428571,0.14285714285714285,0.0,0.0
631,0.10526315789473684,0.8947368421052632,0.0,0.0
632,0.8,0.2,0.0,0.0
633,0.3,0.7,0.0,0.0
634,1.0,0.0,0.0,0.0
635,0.2857142857142857,0.7142857142857143,0.0,0.0
636,0.9642857142857143,0.03571428571428571,0.0,0.0
637,0.7391304347826086,0.2608695652173913,0.0,0.0
638,0.8947368421052632,0.10526315789473684,0.0,0.0
639,0.7142857142857143,0.21428571428571427,0.07142857142857142,0.0
640,0.654320987654321,0.345679012345679,0.0,0.0
641,0.9375,0.0625,0.0,0.0
642,0.75,0.25,0.0,0.0
643,0.7034700315457413,0.22397476340694006,0.07255520504731862,0.0
644,0.0,0.6666666666666666,0.3333333333333333,0.0
645,0.45,0.55,0.0,0.0
646,1.0,0.0,0.0,0.0
647,0.8,0.2,0.0,0.0
648,1.0,0.0,0.0,0.0
649,0.8,0.2,0.0,0.0
650,0.6974358974358974,0.30256410256410254,0.0,0.0
651,0.12594458438287154,0.853904282115869,0.020151133501259445,0.0
652,0.6666666666666666,0.3333333333333333,0.0,0.0
653,1.0,0.0,0.0,0.0
654,1.0,0.0,0.0,0.0
655,0.8837209302325582,0.11627906976744186,0.0,0.0
656,0.5555555555555556,0.4444444444444444,0.0,0.0
657,0.7590361445783133,0.23493975903614459,0.006024096385542169,0.0
658,0.7450980392156863,0.2549019607843137,0.0,0.0
659,0.4032258064516129,0.5967741935483871,0.0,0.0
660,0.5119047619047619,0.4880952380952381,0.0,0.0
661,0.8571428571428571,0.14285714285714285,0.0,0.0
662,0.6774193548387096,0.3225806451612903,0.0,0.0
663,0.9635036496350365,0.0364963503649635,0.0,0.0
664,1.0,0.0,0.0,0.0
665,0.03260869565217391,0.967391304347826,0.0,0.0
666,0.13761467889908258,0.8623853211009175,0.0,0.0
668,0.15151515151515152,0.8484848484848485,0.0,0.0
669,0.7254901960784313,0.27450980392156865,0.0,0.0
670,0.28449744463373083,0.7155025553662692,0.0,0.0
671,0.6118421052631579,0.3881578947368421,0.0,0.0
672,0.6942148760330579,0.30578512396694213,0.0,0.0
673,0.967741935483871,0.03225806451612903,0.0,0.0
674,0.4959349593495935,0.5040650406504065,0.0,0.0
675,0.6551724137931034,0.27586206896551724,0.06896551724137931,0.0
676,0.06060606060606061,0.9393939393939394,0.0,0.0
677,0.42045454545454547,0.5795454545454546,0.0,0.0
678,0.7282608695652174,0.2717391304347826,0.0,0.0
679,0.9769585253456221,0.018433179723502304,0.004608294930875576,0.0
680,0.7906976744186046,0.20930232558139536,0.0,0.0
681,1.0,0.0,0.0,0.0
682,0.3333333333333333,0.6666666666666666,0.0,0.0
683,0.10227272727272728,0.625,0.2727272727272727,0.0
684,0.1794871794871795,0.7777777777777778,0.042735042735042736,0.0
685,0.041666666666666664,0.9583333333333334,0.0,0.0
686,1.0,0.0,0.0,0.0
687,1.0,0.0,0.0,0.0
688,0.8,0.2,0.0,0.0
689,0.3076923076923077,0.6923076923076923,0.0,0.0
690,0.8571428571428571,0.14285714285714285,0.0,0.0
691,0.8813559322033898,0.11864406779661017,0.0,0.0
692,0.3076923076923077,0.6868131868131868,0.005494505494505495,0.0
693,0.9285714285714286,0.07142857142857142,0.0,0.0
694,0.4474885844748858,0.5068493150684932,0.0319634703196347,0.0136986301369863
695,0.75,0.25,0.0,0.0
696,0.35,0.65,0.0,0.0
697,0.8,0.2,0.0,0.0
698,0.40458015267175573,0.5343511450381679,0.061068702290076333,0.0
699,0.36363636363636365,0.6363636363636364,0.0,0.0
700,0.875,0.125,0.0,0.0
701,0.2857142857142857,0.7142857142857143,0.0,0.0
702,0.5957446808510638,0.3617021276595745,0.0425531914893617,0.0
703,0.5306122448979592,0.3673469387755102,0.10204081632653061,0.0
704,0.09954751131221719,0.8687782805429864,0.03167420814479638,0.0
705,0.8319838056680162,0.1680161943319838,0.0,0.0
706,0.5251141552511416,0.4748858447488584,0.0,0.0
707,0.8,0.2,0.0,0.0
708,0.8222222222222222,0.17777777777777778,0.0,0.0
709,1.0,0.0,0.0,0.0
710,0.35802469135802467,0.6419753086419753,0.0,0.0
712,0.8181818181818182,0.18181818181818182,0.0,0.0
713,0.7647058823529411,0.23529411764705882,0.0,0.0
714,1.0,0.0,0.0,0.0
715,1.0,0.0,0.0,0.0
716,0.6666666666666666,0.2916666666666667,0.041666666666666664,0.0
717,1.0,0.0,0.0,0.0
718,0.6666666666666666,0.3333333333333333,0.0,0.0
720,1.0,0.0,0.0,0.0
721,0.42424242424242425,0.5757575757575758,0.0,0.0
722,0.640625,0.34375,0.015625,0.0
723,0.8541666666666666,0.14583333333333334,0.0,0.0
724,0.3684210526315789,0.631578947368421,0.0,0.0
725,0.75,0.25,0.0,0.0
726,1.0,0.0,0.0,0.0
727,0.7692307692307693,0.23076923076923078,0.0,0.0
728,0.5714285714285714,0.42857142857142855,0.0,0.0
729,0.8354430379746836,0.16455696202531644,0.0,0.0
730,0.7843137254901961,0.21568627450980393,0.0,0.0
731,0.7,0.3,0.0,0.0
732,1.0,0.0,0.0,0.0
733,0.8387096774193549,0.16129032258064516,0.0,0.0
734,0.24761904761904763,0.7523809523809524,0.0,0.0
735,0.7456140350877193,0.013157894736842105,0.2412280701754386,0.0
736,1.0,0.0,0.0,0.0
737,0.7777777777777778,0.2222222222222222,0.0,0.0
738,0.6730769230769231,0.3269230769230769,0.0,0.0
739,0.2018348623853211,0.7798165137614679,0.01834862385321101,0.0
740,0.45901639344262296,0.5409836065573771,0.0,0.0
742,0.25,0.75,0.0,0.0
743,0.12757201646090535,0.8106995884773662,0.06172839506172839,0.0
744,0.7424242424242424,0.25757575757575757,0.0,0.0
745,0.6363636363636364,0.36363636363636365,0.0,0.0
746,0.9552238805970149,0.04477611940298507,0.0,0.0
747,0.7350427350427351,0.26495726495726496,0.0,0.0
748,0.5,0.5,0.0,0.0
749,0.8636363636363636,0.13636363636363635,0.0,0.0
750,0.62,0.38,0.0,0.0
751,1.0,0.0,0.0,0.0
752,1.0,0.0,0.0,0.0
753,0.5714285714285714,0.42857142857142855,0.0,0.0
754,0.4111111111111111,0.5888888888888889,0.0,0.0
755,0.8625,0.1375,0.0,0.0
756,0.55,0.45,0.0,0.0
757,0.4852941176470588,0.5147058823529411,0.0,0.0
758,0.4230769230769231,0.5769230769230769,0.0,0.0
759,0.7254901960784313,0.27450980392156865,0.0,0.0
760,0.25,0.75,0.0,0.0
761,0.967391304347826,0.03260869565217391,0.0,0.0
762,0.6666666666666666,0.3333333333333333,0.0,0.0
763,1.0,0.0,0.0,0.0
764,0.7518518518518519,0.24814814814814815,0.0,0.0
765,0.42857142857142855,0.5714285714285714,0.0,0.0
766,0.718421052631579,0.24210526315789474,0.039473684210526314,0.0
767,0.8316831683168316,0.16831683168316833,0.0,0.0
768,1.0,0.0,0.0,0.0
769,0.0,0.9853801169590644,0.014619883040935672,0.0
770,0.423841059602649,0.5761589403973509,0.0,0.0
771,0.75,0.25,0.0,0.0
772,0.8571428571428571,0.14285714285714285,0.0,0.0
773,0.8333333333333334,0.16666666666666666,0.0,0.0
774,0.7142857142857143,0.2857142857142857,0.0,0.0
775,0.4935064935064935,0.47619047619047616,0.030303030303030304,0.0
776,0.9318181818181818,0.06818181818181818,0.0,0.0
777,0.75,0.25,0.0,0.0
778,1.0,0.0,0.0,0.0
780,0.631578947368421,0.3684210526315789,0.0,0.0
781,1.0,0.0,0.0,0.0
782,0.9444444444444444,0.05555555555555555,0.0,0.0
783,0.23214285714285715,0.6607142857142857,0.10714285714285714,0.0
784,0.8941176470588236,0.10588235294117647,0.0,0.0
785,0.7272727272727273,0.2727272727272727,0.0,0.0
787,0.6458333333333334,0.3125,0.041666666666666664,0.0
788,0.9874213836477987,0.012578616352201259,0.0,0.0
789,0.9142857142857143,0.08571428571428572,0.0,0.0
790,0.4482758620689655,0.5517241379310345,0.0,0.0
792,0.26582278481012656,0.7341772151898734,0.0,0.0
793,0.27450980392156865,0.7058823529411765,0.0196078431372549,0.0
794,0.6333333333333333,0.36666666666666664,0.0,0.0
795,0.9090909090909091,0.09090909090909091,0.0,0.0
796,0.8214285714285714,0.17857142857142858,0.0,0.0
797,0.8181818181818182,0.18181818181818182,0.0,0.0
798,1.0,0.0,0.0,0.0
799,0.9649122807017544,0.03508771929824561,0.0,0.0
800,0.05921052631578947,0.9407894736842105,0.0,0.0
801,0.9523809523809523,0.047619047619047616,0.0,0.0
802,0.023474178403755867,0.9464788732394366,0.03004694835680751,0.0
803,0.64,0.36,0.0,0.0
804,1.0,0.0,0.0,0.0
805,0.7704918032786885,0.22950819672131148,0.0,0.0
806,0.047619047619047616,0.9285714285714286,0.023809523809523808,0.0
807,0.7777777777777778,0.2222222222222222,0.0,0.0
808,0.8206896551724138,0.1793103448275862,0.0,0.0
809,0.6545454545454545,0.34545454545454546,0.0,0.0
810,0.6666666666666666,0.32608695652173914,0.007246376811594203,0.0
811,1.0,0.0,0.0,0.0
812,0.14285714285714285,0.8571428571428571,0.0,0.0
813,1.0,0.0,0.0,0.0
814,0.5,0.5,0.0,0.0
815,0.6119402985074627,0.373134328358209,0.014925373134328358,0.0
816,0.6666666666666666,0.3333333333333333,0.0,0.0
817,0.5384615384615384,0.46153846153846156,0.0,0.0
818,0.8,0.2,0.0,0.0
819,1.0,0.0,0.0,0.0
820,0.5575221238938053,0.4424778761061947,0.0,0.0
821,0.12560386473429952,0.8615136876006442,0.01288244766505636,0.0
822,0.9615384615384616,0.038461538461538464,0.0,0.0
823,0.3561643835616438,0.4931506849315068,0.1506849315068493,0.0
824,0.003125,0.878125,0.11875,0.0
826,1.0,0.0,0.0,0.0
827,0.3333333333333333,0.6666666666666666,0.0,0.0
828,0.2558139534883721,0.7441860465116279,0.0,0.0
829,0.5714285714285714,0.42857142857142855,0.0,0.0
830,0.3125,0.59375,0.09375,0.0
831,0.6666666666666666,0.3333333333333333,0.0,0.0
832,0.6444444444444445,0.35555555555555557,0.0,0.0
833,0.2828282828282828,0.6868686868686869,0.030303030303030304,0.0
834,0.6881720430107527,0.3118279569892473,0.0,0.0
835,0.5185185185185185,0.48148148148148145,0.0,0.0
837,0.0625,0.9375,0.0,0.0
838,0.9230769230769231,0.07692307692307693,0.0,0.0
839,0.6095238095238096,0.38095238095238093,0.009523809523809525,0.0
840,0.8829787234042553,0.11702127659574468,0.0,0.0
842,0.19066147859922178,0.7937743190661478,0.01556420233463035,0.0
843,0.21739130434782608,0.782608695652174,0.0,0.0
844,0.16666666666666666,0.6666666666666666,0.16666666666666666,0.0
845,0.825503355704698,0.174496644295302,0.0,0.0
846,0.0,1.0,0.0,0.0
848,1.0,0.0,0.0,0.0
849,0.925,0.075,0.0,0.0
851,0.972972972972973,0.02702702702702703,0.0,0.0
852,0.4864864864864865,0.5135135135135135,0.0,0.0
853,0.47619047619047616,0.5238095238095238,0.0,0.0
854,0.0,1.0,0.0,0.0
856,1.0,0.0,0.0,0.0
857,0.20481927710843373,0.7951807228915663,0.0,0.0
858,0.7934426229508197,0.20327868852459016,0.003278688524590164,0.0
859,0.9193548387096774,0.08064516129032258,0.0,0.0
860,0.4410058027079304,0.5512572533849129,0.007736943907156673,0.0
861,0.5588235294117647,0.4411764705882353,0.0,0.0
862,0.8611111111111112,0.1388888888888889,0.0,0.0
863,1.0,0.0,0.0,0.0
864,0.043478260869565216,0.9565217391304348,0.0,0.0
865,1.0,0.0,0.0,0.0
866,0.6666666666666666,0.3333333333333333,0.0,0.0
867,0.16666666666666666,0.8333333333333334,0.0,0.0
869,0.1,0.9,0.0,0.0
870,0.5230769230769231,0.4512820512820513,0.02564102564102564,0.0
871,0.0,1.0,0.0,0.0
872,0.6833333333333333,0.31666666666666665,0.0,0.0
873,0.6363636363636364,0.36363636363636365,0.0,0.0
874,0.6585365853658537,0.2682926829268293,0.07317073170731707,0.0
875,0.3739130434782609,0.6260869565217392,0.0,0.0
876,1.0,0.0,0.0,0.0
877,0.3333333333333333,0.6666666666666666,0.0,0.0
878,0.8,0.2,0.0,0.0
879,1.0,0.0,0.0,0.0
880,0.59375,0.40625,0.0,0.0
882,0.6923076923076923,0.3076923076923077,0.0,0.0
883,0.9104477611940298,0.08955223880597014,0.0,0.0
884,0.5,0.5,0.0,0.0
885,0.8580246913580247,0.13580246913580246,0.006172839506172839,0.0
886,0.03319502074688797,0.9626556016597511,0.004149377593360996,0.0
887,0.3333333333333333,0.6666666666666666,0.0,0.0
888,0.0,0.8571428571428571,0.14285714285714285,0.0
889,0.8222222222222222,0.17777777777777778,0.0,0.0
890,0.7777777777777778,0.2222222222222222,0.0,0.0
891,0.4777777777777778,0.5222222222222223,0.0,0.0
892,0.8571428571428571,0.14285714285714285,0.0,0.0
893,0.7894736842105263,0.21052631578947367,0.0,0.0
894,0.6666666666666666,0.3333333333333333,0.0,0.0
895,0.22058823529411764,0.7279411764705882,0.051470588235294115,0.0
896,0.0,1.0,0.0,0.0
897,0.06521739130434782,0.875,0.059782608695652176,0.0
899,0.03678929765886288,0.9464882943143813,0.016722408026755852,0.0
900,1.0,0.0,0.0,0.0
901,0.7526881720430108,0.24731182795698925,0.0,0.0
902,0.3673469387755102,0.5714285714285714,0.061224489795918366,0.0
903,0.25,0.75,0.0,0.0
904,0.014492753623188406,0.9516908212560387,0.033816425120772944,0.0
905,0.4107142857142857,0.5892857142857143,0.0,0.0
906,0.6956521739130435,0.30434782608695654,0.0,0.0
907,0.5253164556962026,0.47468354430379744,0.0,0.0
908,0.6818181818181818,0.3181818181818182,0.0,0.0
909,0.7395833333333334,0.2604166666666667,0.0,0.0
910,0.9479166666666666,0.052083333333333336,0.0,0.0
911,0.9152542372881356,0.0847457627118644,0.0,0.0
912,1.0,0.0,0.0,0.0
913,1.0,0.0,0.0,0.0
914,0.7560975609756098,0.24390243902439024,0.0,0.0
915,1.0,0.0,0.0,0.0
916,0.8688524590163934,0.13114754098360656,0.0,0.0
917,0.8854961832061069,0.11450381679389313,0.0,0.0
918,0.5172413793103449,0.4482758620689655,0.034482758620689655,0.0
919,0.0,1.0,0.0,0.0
920,1.0,0.0,0.0,0.0
921,0.0,1.0,0.0,0.0
922,0.7727272727272727,0.22727272727272727,0.0,0.0
923,1.0,0.0,0.0,0.0
924,0.9117647058823529,0.08823529411764706,0.0,0.0
925,0.6666666666666666,0.3333333333333333,0.0,0.0
926,1.0,0.0,0.0,0.0
927,0.48,0.5,0.02,0.0
928,0.711864406779661,0.2711864406779661,0.01694915254237288,0.0
929,0.7333333333333333,0.26666666666666666,0.0,0.0
930,0.3157894736842105,0.631578947368421,0.05263157894736842,0.0
931,0.8571428571428571,0.14285714285714285,0.0,0.0
932,0.9285714285714286,0.07142857142857142,0.0,0.0
933,1.0,0.0,0.0,0.0
934,0.7777777777777778,0.1111111111111111,0.1111111111111111,0.0
935,1.0,0.0,0.0,0.0
936,0.9,0.1,0.0,0.0
937,1.0,0.0,0.0,0.0
938,0.13245033112582782,0.7615894039735099,0.10596026490066225,0.0
939,0.7857142857142857,0.21428571428571427,0.0,0.0
