artist,language
009 Sound System,en
2 Chainz,en
21 Savage,en
2Pac,en
50 Cent,en
A Fine Frenzy,en
A$AP Rocky,en
AFI,en
ATB,en
Aaliyah,en
Aaron Neville,en
Aaron Smith,en
Adam Green,en
Adam Lambert,en
Adam Levine,en
Adele,en
Adia Victoria,en
Adina Howard,en
Adna,en
Adore Delano,en
Adriana Calcanhotto,pt
Adriana Caselotti,en
Adrianne Lenker,en
Aesop Rock,en
Afterlife,en
Agent Orange,en
Agnes,en
Agnes Obel,en
Ailbhe Reddy,en
Aimee Mann,en
Aimer,ja
Akon,en
Al Green,en
Al Jarreau,en
Al Kooper,en
Al Stewart,en
Alain Bashung,fr
Alain Souchon,fr
Alan Jackson,en
Alanis Morissette,en
Alayna,en
Albert Hammond,en
"Albert Hammond, Jr.",en
Albert King,en
Alceu Valença,pt
Alcione,pt
Aldous Harding,en
Alejandra Guzmán,es
Alejandro Sanz,es
Aleks Syntek,es
Alex Hepburn,en
Alexander Rybak,en
Alexandra Stan,en
Alice Caymmi,pt
Alice Cooper,en
Alicia Keys,en
Alison Krauss,en
Alizée,fr
Alligatoah,de
Alma,en
Almir Sater,pt
Aloe Blacc,en
Alon Mor,no_lyrics
Alvin Lee,en
Amanda Palmer,en
Ambrosia,en
Amel Bent,fr
Amelia Lily,en
Amerie,en
Amon Tobin,no_lyrics
Amy Macdonald,en
Amy Winehouse,en
Ana Carolina,pt
Ana Moura,pt
Ana Tijoux,es
Anahí,es
Anastacia,en
Andreas Johnson,en
Andrew Belle,en
Andrew Bird,en
Andrew Combs,en
Andrew Lloyd Webber,en
Andru Donalds,en
Andrés Calamaro,es
Andy Grammer,en
Andy Shauf,en
Andy Williams,en
Ane Brun,en
Angel Olsen,en
Angela Ro Ro,pt
Angèle,fr
Ani DiFranco,en
Anika Noni Rose,en
Anitta,pt
Anjulie,en
Ann Lee,no_lyrics
Ann-Louise Hanson,sv
Anna Burch,en
Anna Calvi,en
Anna of the North,en
Anna von Hausswolff,en
Anne Clark,en
Annie Lennox,en
Annihilator,en
Anouk,en
Ansel Elgort,en
Anthony Hamilton,en
Anya Marina,en
Apparat,en
April March,fr
Aram MP3,en
Arca,no_lyrics
Aretha Franklin,en
Ariana Grande,en
Ariel Pink,en
Arlindo Cruz,pt
Armandinho,pt
Armin van Buuren,no_lyrics
Arnaldo Antunes,pt
AronChupa,en
Arthur Russell,en
Artsvik,en
Arvo Pärt,no_lyrics
Ashlee Simpson,en
Ashley Tisdale,en
Asian Doll,en
Astrud Gilberto,en
Atlas Sound,en
Avey Tare,en
Avicii,en
Avril Lavigne,en
Axel Rudi Pell,en
Ayub Ogada,sw
Azealia Banks,en
Azis,bg
B.B. King,en
B.J. Thomas,no_lyrics
BANKS,en
BJ The Chicago Kid,en
BRENNAN SAVAGE,en
Baby Bash,en
Babyface,en
Baden Powell,pt
Bahamas,en
Balam Acab,no_lyrics
Balue,en
Barbelle,en
Barbra Streisand,en
Barrington Levy,en
Barry Manilow,en
Barry White,en
Bassnectar,en
Bat for Lashes,en
Baths,en
Bea Miller,en
Beatrice Eli,en
Bebel Gilberto,en
Beck,en
Beenie Man,en
Beirut,en
Belchior,pt
Belinda Carlisle,en
Ben Howard,en
Ben Nichols,en
Ben Rector,en
Benjamin Biolay,fr
Benjamin Booker,en
Benjamin Francis Leftwich,en
Benjamin Orr,en
Benny Goodman,en
Benny Sings,en
Bess Atwell,en
Beth Hart,en
Beto Guedes,pt
Betta Lemme,en
Bette Midler,en
Betty Davis,en
Betty Who,en
Beyoncé,en
Bezerra da Silva,pt
Bibio,en
Big K.R.I.T.,en
Big Mama Thornton,en
Bill Callahan,en
Bill Fay,en
Bill Withers,en
Billie Holiday,en
Billie Marten,en
Billie Piper,en
Billy Bragg,en
Billy Idol,en
Billy Joel,en
Billy Ocean,en
Billy Paul,en
Bishara,en
Biz Markie,en
Björk,en
Black Alien,pt
Bladee,en
Blake Mills,en
Blake Shelton,en
Blanco White,en
Blank Banshee,no_lyrics
Blaze Bayley,en
Blind Boy Fuller,en
Blossom Dearie,en
Blouse,en
Blue Stahli,en
Blueface,en
Bo Diddley,en
Bo En,en
Bob Dylan,en
Bob Marley,en
Bob Moses,en
Bob Mould,en
Bobby Brown,en
Bobby Charles,en
Bobi Andonov,en
Bonez MC,de
Bonnie McKee,en
Bonnie Raitt,en
Bonnie Tyler,en
Bonobo,en
Boris,en
Bosse,de
Boy George,en
Boys Noize,en
Boz Scaggs,en
Brad Kane,en
Brandi Carlile,en
Brandon Flowers,en
Brandy,en
Brenda Lee,en
Brendan Perry,en
Brenton Wood,en
Brett Eldredge,en
Brett Young,en
Brian Eno,no_lyrics
Brian McKnight,en
Brian Wilson,en
Bridget St. John,en
Bridgit Mendler,en
Britney Spears,en
Brodka,pl
Brooke Fraser,en
Brothertiger,en
Bruno Major,en
Bruno Mars,en
Bryan Adams,en
Bryan Ferry,en
Brynn Elliott,en
Buddy Holly,en
Bunga Citra Lestari,id
Burning Spear,en
C418,no_lyrics
CL,ko
Cab Calloway,en
Calvin Harris,en
Camarón de la Isla,es
Camila Cabello,en
Candi Staton,en
Canserbero,es
Caparezza,it
Caribou,en
Carl Espen,en
Carla Bruni,fr
Carlie Hanson,en
Carly Rae Jepsen,en
Caro Emerald,en
Caroline Rose,en
Carpenter Brut,no_lyrics
Carrie Underwood,en
Cartola,pt
Cary Brothers,en
Cashmere Cat,en
Casper,de
Cass Elliot,en
Cass McCombs,en
Cassadee Pope,en
Castello Branco,pt
Cat Power,en
Cazuza,pt
Celia Cruz,es
Celldweller,en
Cesare Cremonini,it
Chad Valley,en
Chad VanGaalen,en
Chaka Khan,en
Chance the Rapper,en
Chantal Kreviazuk,en
Charles Aznavour,fr
Charlie Puth,en
Charlie Rich,en
Charlotte Day Wilson,en
Charlotte Gainsbourg,en
Chase Rice,en
Chayanne,es
Chelsea Cutler,en
Chelsea Wolfe,en
Cher,en
Cher Lloyd,en
Cheryl,en
Chet Baker,en
Chet Faker,en
Chiasm,en
Chico Buarque,pt
Chico César,pt
Chief Keef,en
Childish Gambino,en
China Anne McClain,en
Chingy,en
Chong The Nomad,no_lyrics
Chris Brown,en
Chris Cohen,en
Chris Cornell,en
Chris Isaak,en
Chris Rea,en
Chris Squire,en
Chris Stapleton,en
Christina Aguilera,en
Christina Grimmie,en
Christina Milian,en
Christina Perri,en
Christine and the Queens,en
Christoph De Babalon,no_lyrics
Chuck Berry,en
Chuck Strangers,en
Ciara,en
City and Colour,en
Claire Laffut,fr
Clara Nunes,pt
Clare Maguire,en
Clarence Clarity,en
Claudia Leitte,pt
Claudio Baglioni,it
Cloudkicker,no_lyrics
Clueso,de
Cody Simpson,en
Colbie Caillat,en
Com Truise,no_lyrics
Common,en
Compay Segundo,es
Conan Gray,en
Conchita Wurst,en
Connan Mockasin,en
Connie Francis,en
Conor Maynard,en
Conor Oberst,en
Copeland,en
Corinne Bailey Rae,en
Courtney Barnett,en
Courtney Marie Andrews,en
Craig David,en
Criolo,pt
Cro,de
Crystal Waters,en
Crywolf,en
Curtis Harding,en
Curtis Mayfield,en
Curumin,pt
Cut Chemist,en
Cyndi Lauper,en
Cássia Eller,pt
Cécile McLorin Salvant,en
Céline Dion,en
Céu,pt
D.D Dumbo,en
DJ Bobo,en
DJ Sammy,en
DJ Shadow,en
DJ Snake,en
Da Brat,en
Daddy Yankee,es
Damian Marley,en
Damien Jurado,en
Damien Rice,en
Dan Croll,en
Dan Deacon,en
Dan Hartman,en
Dan Mangan,en
Dan Sartain,en
Danger,no_lyrics
Daniel Avery,no_lyrics
Daniel Norgren,en
Daniel Rossen,en
Daniela Andrade,en
Daniela Romo,es
Danny Brown,en
Darius Rucker,en
Darkside,en
Darren Criss,en
Darwin Deez,en
Dave Barnes,en
Dave Bixby,en
Dave Edmunds,en
Dave Gahan,en
Dave Van Ronk,en
David Allan Coe,en
David Archuleta,en
David Axelrod,no_lyrics
David Bowie,en
David Byrne,en
David Cook,en
David Crosby,en
David Gilmour,en
David Guetta,en
David Sylvian,en
Dawes,en
Dawn Richard,en
Debbie Gibson,en
Declan McKenna,en
Delroy Wilson,en
Delta Goodrem,en
Demi Lovato,en
Dendemann,de
Denise LaSalle,en
Dennis Brown,en
Dennis Lloyd,en
Denzel Curry,en
Dernière Volonté,no_lyrics
Devendra Banhart,en
Devin Dawson,en
Devin Townsend,en
Dexter Wansel,en
Di Melo,pt
Diana,en
Diana King,en
Diana Krall,en
Diana Ross,en
Dido,en
Dillinger,en
Dillon,en
Dimension,en
Diomedes Chinaski,pt
Dionne Warwick,en
Dirty Beaches,no_lyrics
Dizzee Rascal,en
Djavan,pt
Doda,pl
Dolly Parton,en
Don Henley,en
Don Johnson,en
Don McLean,en
Don Omar,es
Don Patricio,es
Donavon Frankenreiter,en
Donna Summer,en
Donny Hathaway,en
Dorian Electra,en
Dorothy Moore,en
Douwe Bob,en
Dozer,en
Dr. John,en
Duncan Laurence,en
Duncan Sheik,en
Dustin Kensrue,en
Dustin Tebbutt,en
Dwight Yoakam,en
Dylan Scott,en
Dynoro,en
Ea Kaya,en
Earl Sweatshirt,en
Ebo Taylor,no_lyrics
Ed Sheeran,en
Eddie Cochran,en
Eddie Rabbitt,en
Eddie Vedder,en
Eddy Huntington,en
Edward Maya,en
Edwyn Collins,en
Edyta Bartosiewicz,pl
Eefje de Visser,nl
El Guincho,es
Eleanor Friedberger,en
Eliane Elias,no_lyrics
Eliot Sumner,en
Elis Regina,pt
Eliza Doolittle,en
Elizabeth Cotten,en
Elizeth Cardoso,pt
Ella Fitzgerald,en
Ella Henderson,en
Elle King,en
Ellie Goulding,en
Ellinoora,fi
Elliott Smith,en
Elmore James,en
Elton John,en
Elvis Costello,en
Elvis Crespo,es
Elvis Presley,en
Elza Soares,pt
Emeli Sandé,en
Emicida,pt
Emilie Autumn,en
Emilie Nicolas,en
Emily Browning,en
Emily Jane White,en
Emily Osment,en
Emilíana Torrini,en
Eminem,en
Emma Bale,en
Emma Blackery,en
Emma Bunton,en
Emma Ruth Rundle,en
Emmanuel,es
Emmylou Harris,en
Emperor,en
Empress Of,en
Enrico Nigiotti,it
Enrique Iglesias,en
Enya,no_lyrics
Erasmo Carlos,pt
Eric Burdon,en
Eric Church,en
Eric Clapton,en
Eric Paslay,en
Eric Prydz,no_lyrics
Eric Saade,en
Erika Jayne,en
Eros Ramazzotti,it
Erutan,en
Erykah Badu,en
Esmée Denters,en
Esperanza Spalding,en
Esteban,pt
Esteman,es
Ester Peony,en
Etherwood,en
Eva Simons,en
Eve,en
Eves Karydas,en
Evidence,en
Example,en
Eyedress,en
Ezra Furman,en
F.R. David,en
FELIX SANDMAN,en
FKA twigs,en
Fabolous,en
Fabri Fibra,it
Fabrizio De André,it
Fabrizio Moro,it
Fad Gadget,en
Fafá de Belém,pt
Faith Evans,en
Faith Hill,en
Fallulah,en
Father John Misty,en
Fazerdaze,en
Feed Me,en
Feist,en
Fela Kuti,en
Femi Kuti,en
Fennesz,no_lyrics
Fergie,en
Fever Ray,en
Fiona Apple,en
Fito Páez,es
Five for Fighting,en
Flavien Berger,fr
Flipper,en
Flo Rida,en
Florrie,en
Flume,en
Flying Lotus,no_lyrics
Fonseca,es
Four Tet,no_lyrics
Foxes,en
Foxes in Fiction,en
Foy Vance,en
Frah Quintale,it
France Gall,fr
France Joli,en
Francisca Valenzuela,es
Frank Black,en
Frank Ocean,en
Frank Sinatra,en
Frank Turner,en
Frank Zappa,en
Françoise Hardy,fr
Freddie Gibbs,en
Freddie King,en
Freddie Mercury,en
Frejat,no_lyrics
G-DRAGON,ko
GAZZELLE,it
Gabrielle,en
Gabrielle Aplin,en
Gal Costa,pt
Gala,en
Gallant,en
Galt Macdermot,no_lyrics
Garth Brooks,en
Gary Clark Jr.,en
Gary Jules,en
Gary Moore,en
Gary Numan,en
Gary Wilson,en
Gavin DeGraw,en
Gavin James,en
Gaye Su Akyol,tr
Gazelle Twin,en
Gene Kelly,en
Gene Vincent,en
George Benson,en
George Ezra,en
George Harrison,en
George McCrae,en
George Michael,en
George Strait,en
Geraldo Azevedo,pt
Geri Halliwell,en
Ghost,en
Ghostface Killah,en
Gianluca Grignani,it
Gilberto Gil,pt
Gilda,es
Gillian Welch,en
Gin Wigmore,en
Giorgio Moroder,en
Girl In Red,en
Giselle,en
Glen Campbell,en
Glenn Frey,en
Glenn Miller,en
Gloria Estefan,en
Gloria Gaynor,en
Gloria Trevi,es
Gold Panda,no_lyrics
Goldmund,no_lyrics
Goldroger,de
Gonjasufi,en
Gonzaguinha,pt
Gordon Lightfoot,en
Gossip,en
Gotye,en
Grace Jones,en
Grace Mitchell,en
Graham Coxon,en
Graham Nash,en
Greeicy,es
Greg Laswell,en
Gregory Abbott,en
Gregory Porter,en
Greta Isaac,en
Gretchen Wilson,en
Gretta Ray,en
Greyson Chance,en
Grimes,en
Grouper,en
Gui Boratto,no_lyrics
Guilherme Arantes,pt
Gustavo Cerati,es
Gwen Stefani,en
Gülşen,tr
Haddaway,en
Hana Vu,en
Hank Williams,en
Harry Nilsson,en
Havana Brown,en
Hayden James,en
Headhunterz,en
Heather Small,en
Heavenly Beat,en
Helado Negro,en
Helena Deland,en
Herb Alpert,en
Hercules and Love Affair,en
High Contrast,en
Hilary Duff,en
Holy Other,no_lyrics
Hoodie Allen,en
Howard Shore,no_lyrics
Hozier,en
Hubert Lenoir,fr
Hudson Mohawke,no_lyrics
Hugh Laurie,en
Hugo Kant,no_lyrics
Hurula,sv
I Wayne,en
I Will Never Be The Same,en
IAMX,en
IU,ko
Ian Brown,en
Ice Cube,en
Ida Maria,en
Iggy Azalea,en
Ikon,ko
Ile,es
Ils,en
Imogen Heap,en
India.Arie,en
Indica,fi
Ingrid Michaelson,en
Inna,en
Ira Losco,en
Irene Cara,en
Irma,en
Isaac Hayes,en
Isabella Taviani,pt
Isaiah Rashad,en
Ivete Sangalo,no_lyrics
Iyeoka,en
J Balvin,es
J Dilla,en
J Mascis,en
J. Cole,en
J. Tillman,en
J.J. Cale,en
JME,en
JP Cooper,en
Jaakko Eino Kalevi,en
Jacco Gardner,en
Jack Garratt,en
Jack Gray,en
Jack River,en
Jack Savoretti,en
Jack White,en
Jackie DeShannon,en
Jackie Shane,en
Jackie Wilson,en
Jacob Collier,en
Jacques Brel,fr
Jaira Burns,en
Jake Bugg,en
Jake Owen,en
James Arthur,en
James Bay,en
James Blake,en
James Blunt,en
James Brown,en
James Ferraro,no_lyrics
James Hersey,en
James Morrison,en
James Tillman,en
James Vincent McMorrow,en
Jamie Cullum,en
Jamie N Commons,en
Jamie Woon,en
Jamie xx,en
Jan A.P. Kaczmarek,no_lyrics
Jan Malmsjö,sv
Jane Birkin,fr
Jane Monheit,en
Janelle Monáe,en
Janet Jackson,en
Janis Ian,en
Janis Joplin,en
Japanese Wallpaper,en
Jason Aldean,en
Jason Derulo,en
Jason Isbell and The 400 Unit,en
Jason Mraz,en
Jason Walker,en
Jauz,en
Javiera Mena,es
Jay Reatard,en
Jay Rock,en
Jay Sean,en
Jaymes Young,en
Jaz,id
Jazmine Sullivan,en
Jeangu Macrooy,en
Jeff Buckley,en
Jeff Rosenstock,en
Jeff Tweedy,en
Jeffree Star,en
Jenni Vartiainen,fi
Jennifer Lopez,en
Jennifer Paige,en
Jenny Hval,en
Jenny Lewis,en
Jens Lekman,en
Jerry Cantrell,en
Jerry Lee Lewis,en
Jess Glynne,en
Jesse Jo Stark,en
Jesse McCartney,en
Jessica Mauboy,en
Jessica Pratt,en
Jessica Simpson,en
Jessie J,en
Jessie Ware,en
Jhené Aiko,en
Jim Croce,en
Jim White,en
Jim-E Stack,en
Jimi Hendrix,en
Jimmy Buffett,en
Jimmy Cliff,en
JoJo,en
JoJo Siwa,en
Joan Baez,en
Joan Manuel Serrat,es
Joan as Police Woman,en
Joe,en
Joe Bonamassa,en
Joe Cocker,en
Joe Crepúsculo,es
Joe Dassin,fr
Joe Diffie,en
Joe Esposito,en
Joe Goddard,en
Joe Simon,en
Joe Vasconcellos,es
Joe Walsh,en
Joey McIntyre,en
John Cafferty,en
John Cale,en
John Farnham,en
John Frusciante,en
John Grant,en
John Legend,en
John Lennon,en
John Martyn,en
John Maus,en
John Mayer,en
John Mellencamp,en
John Paul White,en
John Paul Young,en
John Prine,en
John Tavener,en
John Williams,no_lyrics
Johnny Cash,en
Johnny Flynn,en
Johnny Hallyday,fr
Johnny Kemp,en
Johnny Mathis,en
Johnny Nash,en
Johnny Paycheck,en
Johnny Winter,en
Jolie Holland,en
Jon Bellion,en
Jon Bon Jovi,en
Jon Bryant,en
Jon Pardi,en
Jon Secada,en
Jonathan Coulton,en
Jonathan Davis,en
Jonathan Jeremiah,en
Jonathan Wilson,en
Joni Mitchell,en
Jonwayne,en
Jordan Knight,en
Jordin Sparks,en
Jorge Ben Jor,pt
Jorge Drexler,es
Josef Salvat,en
Josh Gad,en
Josh Garrels,en
Josh Ritter,en
Josh Rouse,en
Joshua Burnside,en
José González,en
Juan Magán,es
Juana Molina,es
Juanes,es
Judee Sill,en
Judy Collins,en
Juice Newton,en
Julee Cruise,en
Julia Brown,en
Julia Holter,en
Julian Casablancas,en
Julian Cope,en
Juliana Hatfield,en
Julianna Barwick,no_lyrics
Julie Andrews,en
Julie Byrne,en
Julie Delpy,en
Julieta Venegas,es
June Marieezy,en
Junkie XL,no_lyrics
Justin Bieber,en
Justin Nozuka,en
Justin Timberlake,en
Jvcki Wai,ko
Júníus Meyvant,en
K.Flay,en
KT Tunstall,en
Kaaris,fr
Kacey Musgraves,en
Kaiit,en
Kanye West,en
Karen Dalton,en
Karina Buhr,pt
Karrin Allyson,en
Kasey Chambers,en
Kasia Kowalska,pl
Kaskade,en
Kat Dahlia,en
Kat DeLuna,en
Kate Nash,en
Katharine McPhee,en
Katherine McNamara,en
Katie Melua,en
Katy Perry,en
Kavinsky,no_lyrics
Kaytranada,en
Kayzo,en
Keaton Henson,en
Keira Knightley,en
Keith Urban,en
Kelela,no_lyrics
Kelis,en
Kelly Clarkson,en
Kelly Rowland,en
Kelsea Ballerini,en
Kelsey Lu,en
Ken Ashcorp,en
Ken Laszlo,en
Kendrick Lamar,en
Keni Burke,en
Kenny Chesney,en
Kenny Loggins,en
Kent,sv
Keren Ann,en
Kerli,en
Kesha,en
Keshi,en
Kevin Gates,en
Kevin Morby,en
Keyshia Cole,en
Khaled,fr
Kid Cudi,en
Kiesza,en
Kiiara,en
Killstation,en
Kilo Kish,en
Kim Petras,en
Kim Wilde,en
Kimbra,en
Kindness,en
King Dude,en
King Krule,en
King Tubby,no_lyrics
Kip Moore,en
Kirk Whalum,en
Kishi Bashi,en
Klaas,no_lyrics
Kobi Marimi,en
Kontra K,de
Kris Kristofferson,en
Kristinia DeBarge,en
Krzysztof Zalewski,pl
Kurt Vile,en
Kyary Pamyu Pamyu,ja
Kygo,en
Kyla La Grange,en
Kylie Minogue,en
LL Cool J,en
La Bien Querida,es
Lady Lamb,en
Lady Sovereign,en
Ladyhawke,en
Lana Del Rey,en
Langhorne Slim,en
Lara Fabian,fr
Laura Branigan,en
Laura Fygi,no_lyrics
Laura Groves,en
Laura Marling,en
Laura Mvula,en
Laura Nyro,en
Laura Pausini,it
Laurel Halo,no_lyrics
Lauren Daigle,en
Laurie Anderson,en
Lauryn Hill,en
Lazerhawk,no_lyrics
Lea Michele,en
Lee Brice,en
Lee Dorsey,en
Lee Hazlewood,en
Lee Hi,ko
Left Boy,en
Leif Vollebekk,en
Leikeli47,en
Leila Pinheiro,pt
Lenine,pt
Lenny Kravitz,en
Leo Dan,es
Leon Russell,en
Leona Lewis,en
Leonard Cohen,en
Leonardo Gonçalves,pt
Les Rythmes Digitales,en
Liam Gallagher,en
Lianne La Havas,en
Liima,en
Lil Dicky,en
Lil Halima,en
Lil Lotus,en
Lil Nas X,en
Lil Pump,en
Lil Silva,en
Lil Uzi Vert,en
Lil Xan,en
Lily Allen,en
Limahl,no_lyrics
Linda Ronstadt,en
Lindsay Lohan,en
Lionel Richie,en
Lisa,ja
Lisa Germano,en
Lisa Gerrard,no_lyrics
Lisa Hannigan,en
Lisa Loeb,en
Lisa Miskovsky,en
Lissie,en
Little Boots,en
Little Jinder,sv
Little Walter,en
Liz Longley,en
Liz Phair,en
Liza Minnelli,en
Lizzy Mercier Descloux,en
Lloyd Banks,en
Lloyd Price,en
Lola Kirke,en
London After Midnight,en
Lord Creator,en
Lord Finesse,en
Lorde,en
Loreen,en
Loreena McKennitt,en
Loretta Lynn,en
Lost Frequencies,en
Lotte Kestner,en
Lotus Plaza,en
Lou Reed,en
Louis Armstrong,en
Love,en
Lucero,en
Luciano Pavarotti,it
Lucie Jones,en
Lucy Hale,en
Lucy Rose,en
Ludacris,en
Luis Bacalov,no_lyrics
Luiz Melodia,pt
Luke Bryan,en
Luke Combs,en
Lulu Santos,pt
Lupe Fiasco,en
Lush,en
Luísa Maita,pt
Lydia,en
Lykke Li,en
M. Pokora,fr
M. Ward,en
MAVI PHOENIX,en
MC Carol,pt
MC Davi,pt
MF DOOM,en
MNEK,en
Maaike Ouboter,nl
Mac DeMarco,en
Mac Miller,en
Machine Gun Kelly,en
Machine Head,en
Madeleine Peyroux,en
Madeline Juno,de
Madeon,en
Madilyn Bailey,en
Madison Beer,en
Madlib,no_lyrics
Madonna,en
Magic Box,en
Mahmood,it
Mahmundi,pt
Maite Perroni,es
Maluma,es
Mammals,en
Mandy Moore,en
Manu Chao,es
Manu Gavassi,pt
Many Voices Speak,en
Marcelo Camelo,pt
Marco Mengoni,it
Margaret,pl
Margaret Glaspy,en
Margo Guryan,en
Maria Gadú,pt
Maria McKee,en
Maria Mena,en
Maria Rita,pt
Mariah Carey,en
Mariana Aydar,pt
Marianne Rosenberg,de
Marika Hackman,en
Marilina Bertoldi,es
Marilyn Manson,en
Marina Lima,pt
Mario,en
Marion Raven,en
Marisa Monte,pt
Marissa Nadler,en
Mariza,pt
Marjorie Estiano,pt
Mark Forster,de
Mark Knopfler,en
Mark Kozelek,en
Mark Morrison,en
Mark Pritchard,no_lyrics
Mark Ronson,en
Markéta Irglová,en
Marlena Shaw,en
Marteria,de
Martin Garrix,en
Martin Luke Brown,en
Martinho Da Vila,pt
Marty Robbins,en
Marvin Gaye,en
Mary J. Blige,en
Mary Lambert,en
Mary Wells,en
Marília Mendonça,pt
Mat Kearney,en
Matt Corby,en
Matt Monro,en
Matt Nathanson,en
Matt Simons,en
Maty Noyes,en
Max Frost,en
Max George,en
Maxi Priest,en
Maxwell,en
Mayhem,en
Maysa,pt
Mc IG,pt
Meat Loaf,en
Meg Mac,en
Meg Myers,en
Meghan Trainor,en
Meja,en
Mela Koteluk,pl
Melanie C,en
Melanie Martinez,en
Melody Gardot,en
Merle Haggard,en
MesTo,en
Michael Bublé,en
Michael Jackson,en
Michael Kiwanuka,en
Michael Penn,en
Michael Sembello,no_lyrics
Michel Polnareff,fr
Michelle Branch,en
Michelle Williams,en
Mick Jenkins,en
Midland,en
Miguel,en
Miguel Bosé,es
Mika,en
Mikal Cronin,en
Mike Mago,en
Mike Oldfield,no_lyrics
Mike Posner,en
Mikky Ekko,en
Miles Kane,en
Miley Cyrus,en
Milow,en
Milton Nascimento,pt
Mineral,en
Minnie Riperton,en
Miracle of Sound,en
Mirah,en
Miranda Cosgrove,en
Miranda Lambert,en
Miss Kittin,en
Mississippi John Hurt,en
Missy Higgins,en
Mitchell Tenpenny,en
Mitski,en
Moby,en
Mohombi,en
Molly Johnson,en
Molly Sandén,sv
Monolink,en
Moritz Krämer,de
Morrissey,en
Morten Harket,en
Mos Def,en
Mr. Probz,en
Mr. Scruff,no_lyrics
Mr. Vegas,en
Mr.Kitty,en
Ms. Dynamite,en
Muddy Waters,en
Mutual Benefit,en
My Brightest Diamond,en
Mylène Farmer,fr
Mónica Naranjo,es
Nadine Coyle,en
Nancy Sinatra,en
Nancy Wilson,en
Nando Reis,pt
Nas,en
Natalia Kills,en
Natalia Nykiel,pl
Natalia Oreiro,es
Natalie Cole,en
Natalie Imbruglia,en
Natalie Merchant,en
Natasha Bedingfield,en
Neal Acree,no_lyrics
Neil Diamond,en
Neil Halstead,en
Nekfeu,fr
Neko Case,en
Nelly,en
Nelly Furtado,en
Neneh Cherry,en
Nero,en
Ness Nite,en
Ney Matogrosso,pt
Niall Horan,en
Nick Drake,en
Nick Hakim,en
Nick Jonas,en
Nick Lowe,en
Nick Mulvey,en
Nicki Minaj,en
Nicky Jam,es
Nicolas Jaar,en
Nicole Dollanganger,en
Nicole Scherzinger,en
Nielson,nl
Nik Kershaw,en
Nina Hagen,de
Nina Kinert,en
Nina Nesbitt,en
Nina Simone,en
Nipsey Hussle,en
Nneka,en
NoMBe,en
Noga Erez,en
Nohelani Cypriano,en
Noisestorm,en
Nomy,en
Noonie Bao,en
Norah Jones,en
Novo Amor,en
O.T. Genasis,en
OG Maco,en
Ocean Wisdom,en
Odetta,en
Oliver Koletzki,no_lyrics
Olly Murs,en
Omar Rudberg,sv
Oneohtrix Point Never,no_lyrics
Orelsan,fr
Orianthi,en
Orla Gartland,en
Oswaldo Montenegro,pt
Otis Redding,en
Otis Rush,en
Otto,pt
Otto Knows,en
Owen,en
Owen Pallett,en
Owl City,en
Oxxxymiron,no_lyrics
Ozzy Osbourne,en
P. Lion,en
PARTYNEXTDOOR,en
PINK GUY,en
PJ Harvey,en
PJ Morton,en
Pablo Alborán,es
Paloma Faith,en
Paluch,pl
Panda Bear,en
Paolo Nutini,en
Paris Hilton,en
Parov Stelar,en
Pat Benatar,en
Patrice Rushen,en
Patricia Kaas,fr
Patrick Cowley,no_lyrics
Patrick Stump,en
Patrick Watson,en
Patrick Wolf,en
Patsy Cline,en
Patti LaBelle,en
Patti Smith,en
Paul McCartney,en
Paul Oakenfold,no_lyrics
Paul Simon,en
Paul Stanley,en
Paul Young,en
Paul van Dyk,no_lyrics
Paula Abdul,en
Paula DeAnda,en
Paula Fernandes,pt
Paulina Rubio,es
Paulinho Da Viola,pt
Paulo Ricardo,pt
Pedro Capó,es
Pedro Sampaio,pt
Per Gessle,sv
Percy Sledge,en
Perfume Genius,no_lyrics
Perry Como,en
Perturbator,no_lyrics
Pete Seeger,en
Peter Bradley Adams,en
Peter Brown,en
Peter Doherty,en
Peter Frampton,en
Peter Gabriel,en
Peter Green,en
Peter Murphy,en
Peter Sarstedt,no_lyrics
Peter Tosh,en
Pharmakon,en
Phil Collins,en
Philip Glass,no_lyrics
Phill Veras,pt
Phillip Phillips,en
Pia Mia,en
Pional,no_lyrics
Pitbull,en
Pitty,pt
Pixie Lott,en
Planningtorock,en
Plumb,en
Porcelain Raft,en
Porter Robinson,en
Preta Gil,pt
Prince Buster,en
Princess Nokia,en
Prinz Pi,de
Projota,pt
Prurient,en
Public Memory,en
Pusha T,en
Queen,en
Queen Naija,en
Qveen Herby,en
R. Stevie Moore,en
Rachael Yamagata,en
Rachel Platten,en
Rachel Stevens,en
Rachid Taha,fr
Radical Face,en
Rael,pt
Raleigh Ritchie,en
Randy Houser,en
Raphael Saadiq,en
Raul Seixas,pt
Raury,en
Ray Charles,en
Ray LaMontagne,en
Reba McEntire,en
Rebecca Black,en
Red,en
Regina Spektor,en
Reginaldo Rossi,pt
Rejjie Snow,en
Rexx Life Raj,en
Rhea Litre,en
Ricardo Montaner,es
Richard Ashcroft,en
Richard Swift,en
Richard Thompson,en
Rick Astley,en
Rick Derringer,en
Ricky Eat Acid,no_lyrics
Ricky Martin,es
Ricky Nelson,en
Rihanna,en
Riley Pearce,en
Rita Lee,pt
Rita Marley,en
Rita Ora,en
Rob Zombie,en
Robbie Williams,en
Robert Palmer,en
Robert Plant,en
Robert Wyatt,en
Roberta Flack,en
Roberta Sá,pt
Robin Thicke,en
Robin Trower,en
Robyn,en
Rod Stewart,en
Rodriguez,en
Roger Taylor,en
Roger Waters,en
Rome,en
Roméo Elvis,fr
Ronan Keating,en
Rone,no_lyrics
Roo Panes,en
Rory Gallagher,en
Roy Kim,ko
Roy Orbison,en
Rozalén,es
Rozes,en
RuPaul,en
Rufus Wainwright,en
Rui Da Silva,no_lyrics
Rush,en
Russian Red,en
Ry x,en
Ryan Adams,en
Ryan Beatty,en
Ryan Bingham,en
Ryan Star,en
Róisín Murphy,en
SBTRKT,en
SOHN,en
SONOIO,en
SZA,en
Sabrina Carpenter,en
Saint Saviour,en
Salmo,it
Salvador Sobral,pt
Sam Brookes,en
Sam Cooke,en
Sam Smith,en
Sam Sparro,en
Samantha Sang,en
Sampha,en
Samuel E. Wright,no_lyrics
Sandy,pt
Sanna Nielsen,en
Santana,en
Santigold,en
Sara Bareilles,en
Sara Gazarek,en
Sarah Brightman,en
Sarah McLachlan,en
Sarah Vaughan,en
Sasha,no_lyrics
ScHoolboy Q,en
Schuyler Fisk,en
Scott Helman,en
Scott Walker,en
Seal,en
Sean Lennon,en
Sean Nicholas Savage,en
Sean Paul,en
Seinabo Sey,en
Selah Sue,en
Selena,es
Selena Gomez,en
Self Esteem,en
Sennek,en
September,en
Serj Tankian,en
Seu Jorge,pt
Severina,hr
Sezen Aksu,tr
Shade Sheist,en
Shaggy,en
Shakey Graves,en
Shakira,es
Shania Twain,en
Shanice,en
Shannon Noll,en
Sharon Van Etten,en
Shawn Mendes,en
Shay Lia,en
Sheena Easton,en
Sheryl Crow,en
Shiba San,no_lyrics
Shontelle,no_lyrics
Shooter Jennings,en
Shuggie Otis,no_lyrics
Shy Martin,en
Sia,en
Sibylle Baier,en
Silly Boy Blue,en
Sisqó,en
Sizzla,en
Sizzy Rocket,en
Skepta,en
Skott,en
Skrillex,en
Skylar Grey,en
Slim Harpo,en
Slow J,pt
Smokey Robinson,en
Snail Mail,en
Snoop Lion,en
So Below,en
Soccer Mommy,en
Sofia Carson,en
Soha,fr
Son House,en
Sondre Lerche,en
Soulja Boy,en
Spinvis,nl
Srbuk,en
St. Lucia,en
St. Vincent,en
Stacey Kent,en
Stacie Orrico,en
Stan Getz,no_lyrics
Stan Ridgway,en
Stephan Eicher,fr
Stephen Bishop,en
Stephen Malkmus,en
Steve Angello,en
Steve Hackett,en
Steve Perry,en
Steve Winwood,en
Steven Price,no_lyrics
Stevie Nicks,en
Stevie Ray Vaughan,en
Stina Nordenstam,en
Sting,en
Stormzy,en
Strand of Oaks,en
Styles P,en
Sudan Archives,en
Suede,en
Sufjan Stevens,en
Sugar Ray,en
Sunmi,ko
Susan Sarandon,en
Susan Tedeschi,en
Suzanne Vega,en
Svala,no_lyrics
Syd Barrett,en
Sylvaine,en
Sylvie Vartan,fr
Sylwia Grzeszczak,pl
Syn Cole,en
Syreeta,en
Sébastien Tellier,en
Sérgio Mendes,en
Sérgio Sampaio,pt
Sóley,en
T.I.,en
TAEMIN,ko
Ta-ku,no_lyrics
Taana Gardner,no_lyrics
Tal Wilkenfeld,en
Tamar Braxton,en
Tame Impala,en
Tamia,en
Tamino,en
Tarkan,tr
Tash Sultana,en
Tavares,en
Taylor Dayne,en
Taylor McFerrin,en
Taylor Swift,en
Teddy Pendergrass,en
Teen Daze,no_lyrics
Teena Marie,en
Tei Shi,en
Teitur,no_lyrics
Ten Tonnes,en
Ten Typ Mes,pl
Terry Jacks,en
Tessa Violet,en
Teyana Taylor,en
Thalía,es
The Avener,en
The Chain Gang of 1974,en
The Kinks,en
The Kite String Tangle,en
The Notorious B.I.G.,en
The Other People Place,en
The Rapture,en
The Tallest Man on Earth,en
The Weeknd,en
The White Buffalo,en
Thiago Pethit,pt
Thiaguinho,no_lyrics
Thomas Azier,en
Thomas Dolby,en
Thomas Dybdahl,en
Thomas Jack,en
Thomas Newman,no_lyrics
Thomas Rhett,en
Thomston,en
Thundercat,en
Thurston Moore,en
Tiago Iorc,pt
Tiffany Young,en
Tim Buckley,en
Tim Hardin,en
Tim Maia,pt
Tim McGraw,en
Timbaland,en
Timmy Trumpet,en
Tina Charles,en
Tina Turner,en
Tinashe,en
Tinchy Stryder,en
Tino el Pingüino,es
Tiny Tim,en
Tirzah,en
Toby Driver,en
Toby Green,en
Toby Keith,en
TobyMac,en
Todrick Hall,en
Tom Grennan,en
Tom MacDonald,en
Tom Odell,en
Tom Waits,en
Tom Zé,pt
Toni Basil,en
Toni Braxton,en
Toni Tornado,pt
Tony Bennett,en
Toquinho,pt
Tori Amos,en
Tori Kelly,en
Toro y Moi,en
Tory Lanez,en
Totally Enormous Extinct Dinosaurs,en
Touch Sensitive,en
Tove Lo,en
Tove Styrke,en
Townes Van Zandt,en
Toy,en
Tracy Chapman,en
Travis Scott,en
Trent Tomlinson,en
Trevor Something,en
Trey Songz,en
Tristam,en
Troye Sivan,en
Tulipa Ruiz,pt
Tulus,id
Tweet,en
Twin Shadow,en
Ty Segall,en
Tycho,no_lyrics
Tyga,en
"Tyler, the Creator",en
U.S. Girls,en
Uffie,en
Ultimo,it
Umberto Tozzi,it
Unlike Pluto,en
Usher,en
Valentino Khan,en
Valerie Broussard,en
Valesca Popozuda,pt
Van Morrison,en
Vance Joy,en
Vancouver Sleep Clinic,en
Vanessa Carlton,en
Vanessa Paradis,fr
Vanessa Williams,en
Vanessa da Mata,pt
Vashti Bunyan,en
Venetian Snares,en
Venom,en
Veronica Maggio,sv
Vic Damone,en
Vicki Sue Robinson,en
Vienna Teng,en
Violet Chachki,en
Vira Talisa,en
Virtual Self,en
Vitalic,en
Vérité,en
Waldeck,en
Walter Trout,en
Wander Wildner,pt
Warrel Dane,en
Washed Out,en
Watermät,no_lyrics
Watsky,en
Wax Tailor,en
Waxahatchee,en
Waylon,en
Waylon Jennings,en
Wayne Shorter,no_lyrics
Weyes Blood,en
White Hinterland,en
Whitney Houston,en
Wiktoria,en
Wild Nothing,en
Wildstylez,no_lyrics
Will Young,en
William Fitzsimmons,en
William Onyeabor,en
Willie Colón,es
Willie Nelson,en
Wilson Pickett,en
Wiz Khalifa,en
Wolfine,es
Woodkid,en
Wynonie Harris,en
Wynter Gordon,en
XXYYXX,en
Xuxa,pt
YEZI,ko
Yavuz Çetin,tr
Yazz,en
Yelawolf,en
Yngwie Malmsteen,en
Yo Gotti,en
Yola,en
Young Thug,en
Yuna,en
Yung Hurn,de
Yung Lean,en
Yvette Young,en
ZHU,en
Zara Larsson,en
Zaz,fr
Zazie,fr
Zeca Pagodinho,pt
Zedd,en
Zella Day,en
Ziggy Marley,en
Zola Jesus,en
Zolita,en
Zé Keti,no_lyrics
Zé Ramalho,pt
Zélia Duncan,pt
aka george,en
deadmau5,no_lyrics
edIT,no_lyrics
emune,no_lyrics
hoops,en
ionnalee,en
johnny balik,en
lil skies,en
nanobii,no_lyrics
oOoOO,en
schafter,pl
zheani,en
Ásgeir,en
Édith Piaf,fr
Şebnem Ferah,tr
