UK	31	m	0
UK	29	m	1
US	29	f	2
CH	27	m	3
UK	32	m	4
SE	28	m	5
US	33	m	6
AU	37	m	7
AU	26	m	8
FI	30	m	9
UK	27	m	10
FI	26	m	11
NO	27	f	12
UA	31	m	13
US	32	m	14
FI	27	m	15
NL	25	m	16
SE	25	f	17
PL	29	m	18
SE	26	m	19
US	40	m	20
UK	46	m	21
AU	29	f	22
UK	33	m	23
US	27	m	24
US	31	m	25
AT	28	m	26
BY	32	m	27
FI	26	m	28
US	25	m	29
US	39	f	30
US	25	m	31
BE	37	m	32
NO	34	m	33
UK	28	m	34
RU	27	m	35
US	37	m	36
US	32	f	37
BR	25	m	38
US	27	m	39
RU	34	m	40
US	26	f	41
SK	24	m	42
US	25	m	43
US	24	f	44
DE	34	m	45
JP	28	m	46
RU	28	m	47
IT	26	m	48
HU	22	f	49
BE	27	m	50
SE	25	m	51
AT	27	m	52
US	26	m	53
ES	31	f	54
US	24	m	55
US	26	m	56
VE	26	m	57
MX	35	m	58
UK	38	f	59
UK	25	m	60
FI	30	m	61
AR	27	m	62
MK	32	m	63
SE	27	m	64
CR	31	m	65
CA	24	f	66
UK	27	m	67
DE	27	m	68
PL	33	m	69
NL	33	m	70
PL	25	m	71
US	39	m	72
CH	32	m	73
IT	31	m	74
NO	28	m	75
DE	61	m	76
FI	31	m	77
NO	29	m	78
US	25	m	79
RU	24	m	80
LV	22	m	81
RU	26	m	82
FI	25	m	83
RU	34	m	84
DE	27	m	85
DZ	24	m	86
UK	22	m	87
NL	24	m	88
CH	22	m	89
BR	25	m	90
US	25	m	91
DE	28	m	92
FI	23	m	93
OM	26	m	94
NL	24	m	95
SE	27	m	96
SE	23	m	97
CA	23	m	98
US	42	m	99
FI	31	m	100
PL	37	m	101
US	21	m	102
CZ	22	m	103
IR	25	m	104
FI	23	f	105
FI	22	f	106
UK	20	f	107
US	27	m	108
UA	28	m	109
BR	24	m	110
US	30	m	111
DK	30	m	112
NL	34	m	113
US	24	f	114
NL	39	m	115
US	25	m	116
NO	35	f	117
CZ	30	m	118
RU	34	m	119
UK	22	m	120
US	32	f	121
BR	28	f	122
BR	25	m	123
BA	23	f	124
FR	33	m	125
SK	26	m	126
NL	37	m	127
AU	24	m	128
US	23	m	129
NO	37	m	130
DE	24	m	131
UK	36	m	132
US	21	f	133
US	31	m	134
UK	19	m	135
RU	25	m	136
HR	49	m	137
SE	19	f	138
RU	27	m	139
PL	24	m	140
US	21	f	141
US	36	m	142
DE	26	m	143
ES	25	f	144
US	19	m	145
EE	28	f	146
CZ	45	m	147
NL	27	m	148
PL	32	m	149
US	25	m	150
US	24	m	151
DE	25	m	152
BR	39	m	153
NL	31	m	154
RU	30	m	155
NL	28	m	156
NL	19	f	157
HU	33	m	158
SE	25	m	159
CZ	36	m	160
FI	19	m	161
NL	39	m	162
US	23	m	163
DE	23	m	164
BR	22	m	165
SE	29	m	166
PL	23	f	167
NO	22	m	168
SE	24	m	169
AT	24	m	170
US	26	m	171
US	19	m	172
US	37	m	173
NL	45	m	174
RU	28	m	175
UK	28	m	176
US	36	m	177
ES	29	m	178
UK	27	m	179
BR	27	m	180
PT	25	m	181
DE	26	m	182
US	25	m	183
BR	20	m	184
NL	22	m	185
FR	33	m	186
CA	27	m	187
UK	22	m	188
CA	23	m	189
PT	27	m	190
AR	28	m	191
US	25	m	192
UK	27	m	193
UK	25	m	194
PL	33	m	195
MX	25	m	196
US	29	m	197
US	20	m	198
BR	26	f	199
RU	26	m	200
BR	30	m	201
BE	44	f	202
FI	26	f	203
BR	24	m	204
DE	27	m	205
BG	30	m	206
BE	38	m	207
PL	22	m	208
UK	23	m	209
FI	19	f	210
BG	33	f	211
DE	24	m	212
LV	32	m	213
DE	21	m	214
UK	33	m	215
RU	26	m	216
RU	26	m	217
SE	33	m	218
SE	22	m	219
RU	23	m	220
US	24	m	221
BR	29	m	222
SE	43	m	223
NL	29	m	224
PL	28	m	225
RU	37	m	226
UK	23	m	227
US	28	m	228
PL	32	m	229
UA	26	m	230
RS	29	m	231
AT	26	m	232
NL	20	m	233
AU	30	m	234
DE	23	m	235
RU	22	f	236
CZ	21	m	237
PL	25	m	238
NZ	39	m	239
DE	25	m	240
TR	33	m	241
BR	26	m	242
FI	24	m	243
AT	24	m	244
PL	22	m	245
FI	28	m	246
DE	43	m	247
US	26	m	248
TR	31	m	249
UA	26	m	250
DE	20	m	251
SE	21	m	252
UK	19	m	253
PL	25	f	254
UA	23	m	255
UK	24	m	256
LT	23	m	257
FI	20	f	258
BG	26	m	259
PL	32	m	260
RO	28	m	261
PL	41	m	262
CZ	35	m	263
CZ	23	m	264
US	25	m	265
ES	27	m	266
PL	28	m	267
CO	33	m	268
UK	22	m	269
PL	23	f	270
BE	38	m	271
UK	29	m	272
PE	27	f	273
DE	24	m	274
UK	39	m	275
NO	27	m	276
PL	28	m	277
FI	25	m	278
BR	27	f	279
RU	27	m	280
UK	23	m	281
UK	28	m	282
BR	28	m	283
DE	22	m	284
PL	24	m	285
AU	21	m	286
BR	21	m	287
CA	22	m	288
BY	25	m	289
ID	25	f	290
NL	32	m	291
SI	19	m	292
FI	30	m	293
FI	21	m	294
BG	19	f	295
NL	23	m	296
US	23	m	297
SV	24	f	298
AU	24	m	299
PL	24	f	300
UK	21	m	301
PL	22	m	302
RU	25	f	303
BR	20	m	304
DE	26	f	305
FI	19	f	306
BE	26	f	307
AU	27	f	308
BR	21	f	309
US	28	m	310
SE	37	m	311
US	29	m	312
NO	20	m	313
US	25	m	314
US	24	m	315
FI	21	m	316
US	23	m	317
BR	28	m	318
UA	21	m	319
RU	97	m	320
US	22	m	321
AU	26	m	322
IE	36	m	323
AQ	27	f	324
UK	28	m	325
NL	26	m	326
CR	52	m	327
US	22	m	328
SE	37	m	329
NL	25	m	330
PL	36	m	331
FI	18	f	332
FR	30	m	333
SE	21	m	334
UK	25	m	335
NZ	32	f	336
NL	23	m	337
BR	22	m	338
US	27	m	339
PT	34	m	340
RU	23	f	341
NO	22	m	342
FI	26	m	343
IT	24	f	344
MX	26	m	345
CA	18	m	346
UY	26	m	347
BR	19	m	348
SE	24	f	349
RU	25	m	350
NO	21	m	351
RU	24	m	352
SK	24	m	353
UK	21	m	354
HR	24	m	355
BR	25	m	356
FR	20	m	357
DK	19	m	358
PL	24	m	359
JP	24	m	360
PL	26	m	361
NL	26	m	362
RU	22	m	363
ID	27	m	364
PL	24	m	365
FI	19	f	366
US	21	f	367
BE	25	m	368
ES	111	f	369
IT	22	m	370
PL	24	f	371
SI	25	m	372
HU	20	f	373
UA	24	f	374
AT	32	m	375
US	22	f	376
BE	36	m	377
ES	23	m	378
RU	95	m	379
NO	21	m	380
RS	40	f	381
SE	24	m	382
AU	26	f	383
BR	23	m	384
US	36	m	385
BR	21	m	386
PL	21	m	387
BR	22	m	388
ES	28	m	389
VA	22	m	390
BR	22	m	391
BY	23	m	392
BR	20	m	393
FR	27	m	394
SE	21	m	395
US	18	f	396
UK	24	m	397
HK	17	m	398
RU	24	m	399
DE	24	m	400
US	22	m	401
DE	22	m	402
IR	32	m	403
UK	20	f	404
RU	30	m	405
PL	16	m	406
US	25	m	407
BR	25	m	408
BR	21	m	409
UK	22	m	410
PL	24	m	411
UA	33	m	412
IL	21	m	413
US	20	m	414
NL	20	f	415
BR	25	f	416
BR	19	m	417
BR	25	f	418
UK	21	m	419
DE	34	m	420
PL	24	m	421
NL	22	f	422
RU	30	m	423
TR	23	f	424
DE	23	m	425
IE	54	m	426
NL	40	m	427
NU	21	f	428
RU	26	m	429
ES	39	m	430
US	26	f	431
VN	23	m	432
DE	32	f	433
RU	25	m	434
FI	18	f	435
BY	26	m	436
FR	23	m	437
UK	30	m	438
IT	23	f	439
FR	23	m	440
PL	27	m	441
US	26	m	442
BR	20	m	443
BR	20	m	444
US	19	m	445
CZ	19	m	446
RU	18	f	447
PL	19	f	448
NL	41	m	449
US	24	m	450
BR	24	m	451
RU	32	m	452
BG	19	m	453
UK	20	m	454
PL	19	m	455
GR	54	m	456
MX	23	f	457
RU	52	m	458
RU	27	m	459
US	18	m	460
CA	37	m	461
BR	22	m	462
DE	22	m	463
BR	27	f	464
BR	19	m	465
MX	28	m	466
FI	19	m	467
AU	33	m	468
FR	25	m	469
BR	23	m	470
AU	18	m	471
CA	32	m	472
CA	23	f	473
ES	25	m	474
PL	24	m	475
DE	20	m	476
PL	22	f	477
SG	21	m	478
NL	22	m	479
JP	25	m	480
NO	39	m	481
UK	19	f	482
US	26	m	483
RU	21	m	484
MX	20	m	485
PL	18	m	486
US	30	m	487
UK	42	m	488
DE	24	m	489
AR	24	m	490
RU	24	m	491
UK	34	m	492
PL	20	m	493
IT	25	m	494
FI	16	m	495
BR	20	m	496
NL	33	m	497
US	17	m	498
AR	30	m	499
BR	20	f	500
BR	18	m	501
PL	18	m	502
NL	51	m	503
NL	57	m	504
PL	36	f	505
UA	20	m	506
US	40	m	507
JP	24	m	508
RU	18	m	509
PL	31	m	510
MX	22	m	511
CA	20	m	512
NL	36	m	513
PL	15	m	514
US	30	m	515
CZ	23	m	516
BR	18	m	517
UA	25	m	518
US	22	m	519
IT	33	m	520
RU	21	m	521
BR	24	m	522
TR	21	m	523
RU	23	m	524
BR	24	m	525
RU	21	m	526
UK	23	f	527
DE	24	m	528
RU	22	m	529
US	32	m	530
US	22	m	531
PL	34	m	532
US	22	m	533
BR	23	m	534
RU	26	m	535
US	23	m	536
UK	22	m	537
US	23	m	538
UZ	20	m	539
RU	30	m	540
CR	24	m	541
RU	23	m	542
BY	28	m	543
DE	17	m	544
RU	34	m	545
BR	19	f	546
AU	32	m	547
UK	30	m	548
CA	21	m	549
BR	22	m	550
FI	25	m	551
US	19	m	552
CL	23	m	553
US	20	m	554
RU	18	m	555
TR	18	f	556
RU	24	m	557
FR	24	m	558
RU	18	m	559
SK	22	f	560
PT	21	m	561
UK	39	m	562
PL	16	m	563
MX	25	m	564
RU	22	m	565
RU	23	m	566
AU	34	m	567
MX	35	m	568
RU	26	m	569
PL	21	m	570
BR	21	m	571
US	25	m	572
UK	25	m	573
RU	20	m	574
AR	24	f	575
RU	27	m	576
US	17	f	577
US	26	m	578
BY	25	f	579
MX	28	m	580
HU	20	m	581
EE	18	m	582
US	20	f	583
LT	18	m	584
PT	21	f	585
RS	23	m	586
ES	24	f	587
PL	21	m	588
RU	29	m	589
BR	23	m	590
HU	29	m	591
BR	20	m	592
JP	27	m	593
AU	23	m	594
UA	19	m	595
PL	18	f	596
RU	36	m	597
PL	25	m	598
TR	23	m	599
NZ	19	m	600
PH	24	f	601
BR	22	m	602
UK	19	f	603
CN	21	m	604
IN	19	m	605
IT	26	m	606
DE	22	m	607
RU	20	f	608
AZ	22	f	609
RU	21	m	610
RU	19	m	611
BY	23	m	612
PL	23	f	613
NL	17	f	614
CA	51	m	615
BR	18	m	616
EE	32	f	617
PL	17	f	618
CZ	27	m	619
US	22	f	620
BR	19	m	621
IT	21	f	622
RU	21	m	623
UK	50	m	624
CA	22	m	625
CZ	19	m	626
UK	55	m	627
VE	21	f	628
IT	22	m	629
RU	24	m	630
PL	21	m	631
BR	17	m	632
PL	16	m	633
UK	23	f	634
CZ	35	m	635
TR	21	m	636
UA	20	m	637
BR	20	m	638
UK	30	m	639
US	17	m	640
BG	20	m	641
RU	21	m	642
BY	19	f	643
AZ	20	m	644
NO	23	m	645
BR	24	m	646
PL	23	f	647
US	20	m	648
RU	17	f	649
BY	24	m	650
US	17	m	651
JP	33	m	652
RU	22	m	653
CA	18	m	654
RU	30	m	655
IT	24	m	656
EE	21	m	657
BR	19	m	658
BR	19	f	659
BG	22	f	660
BR	21	m	661
NL	29	f	662
DE	18	m	663
RU	19	m	664
HU	25	f	665
DK	38	m	666
UK	36	m	667
JP	26	m	668
ID	23	m	669
UA	21	f	670
BR	21	m	671
IT	22	m	672
SE	22	f	673
AR	23	m	674
UA	19	f	675
BR	18	m	676
PS	18	m	677
US	19	f	678
US	6	m	679
US	23	f	680
CO	25	m	681
UA	43	m	682
US	20	m	683
UA	27	m	684
US	17	f	685
PL	21	m	686
NL	47	m	687
CO	18	m	688
RU	22	f	689
PL	20	m	690
CA	25	m	691
ES	24	m	692
NL	17	f	693
US	20	f	694
PL	21	f	695
UA	20	m	696
DE	18	m	697
BR	17	m	698
DE	25	m	699
RU	24	f	700
NO	23	m	701
RU	38	m	702
US	93	f	703
BR	21	m	704
BR	21	m	705
IT	20	m	706
RU	21	m	707
UK	48	m	708
DE	18	m	709
HU	33	m	710
BG	25	m	711
DE	18	m	712
DE	18	m	713
PL	20	f	714
RU	22	m	715
BG	24	m	716
BR	22	f	717
US	20	m	718
RU	18	m	719
UK	20	m	720
BR	19	f	721
ID	21	m	722
RU	16	m	723
CL	32	m	724
NL	27	f	725
RU	19	m	726
RU	25	m	727
JP	21	m	728
BR	23	m	729
BR	21	m	730
NO	24	f	731
RU	27	m	732
RU	21	m	733
BR	20	f	734
ES	21	m	735
BR	17	f	736
BR	23	m	737
US	19	m	738
SE	23	f	739
EE	22	m	740
PL	36	m	741
BR	20	f	742
US	21	f	743
SI	20	m	744
FR	28	m	745
BR	17	m	746
BR	20	f	747
ID	19	m	748
RU	20	m	749
PL	17	m	750
PL	18	m	751
FI	20	m	752
PL	20	f	753
NZ	19	f	754
UA	19	f	755
DE	24	m	756
UK	19	f	757
US	21	f	758
DE	26	m	759
UA	22	m	760
NL	23	f	761
CA	24	m	762
RU	23	m	763
PL	25	m	764
BR	21	m	765
DE	17	m	766
RU	24	m	767
DE	18	m	768
US	22	m	769
FR	19	m	770
PL	17	m	771
FR	30	m	772
EE	19	m	773
MX	21	f	774
PL	16	f	775
RU	18	m	776
RU	28	m	777
BG	25	m	778
US	25	m	779
RU	19	m	780
RU	22	f	781
US	24	m	782
BR	15	f	783
BR	18	f	784
AR	22	m	785
PL	21	m	786
BR	18	m	787
US	18	m	788
UK	17	m	789
UK	30	f	790
RU	20	m	791
US	36	m	792
PL	16	m	793
PL	18	f	794
US	19	m	795
RU	18	m	796
BR	22	m	797
SE	25	m	798
PL	17	m	799
US	21	f	800
PL	21	m	801
BR	20	m	802
US	18	f	803
NL	20	m	804
DE	26	m	805
BR	17	f	806
SK	21	m	807
BR	20	m	808
US	15	f	809
NL	17	m	810
RU	24	m	811
US	42	m	812
PH	17	m	813
BR	19	f	814
FI	17	m	815
CL	18	m	816
FI	20	m	817
US	21	f	818
FR	27	m	819
PL	15	f	820
UK	18	m	821
AT	19	m	822
CZ	17	m	823
PL	19	m	824
DE	17	m	825
HR	20	f	826
UK	20	m	827
BR	22	m	828
PL	18	f	829
UK	28	m	830
AT	21	m	831
US	20	f	832
US	46	m	833
BR	15	f	834
RU	17	m	835
JP	29	m	836
BR	21	m	837
UA	18	m	838
NO	21	m	839
AU	17	m	840
PL	22	m	841
AU	17	m	842
CA	27	m	843
AT	19	m	844
JP	24	m	845
MK	24	f	846
RU	20	m	847
UA	21	f	848
JP	24	m	849
RU	21	m	850
RU	16	m	851
BR	31	m	852
US	40	m	853
IE	43	m	854
RU	18	m	855
ES	25	m	856
NP	29	m	857
BR	15	m	858
PL	18	m	859
DE	20	f	860
UA	18	f	861
PL	17	m	862
MX	21	m	863
IT	23	f	864
FI	18	f	865
BR	19	m	866
IR	20	m	867
RU	21	f	868
MK	24	m	869
BR	14	m	870
PL	18	m	871
PL	25	f	872
BR	18	m	873
US	18	f	874
FI	22	m	875
DE	19	m	876
CA	41	m	877
US	21	m	878
BR	16	m	879
PL	18	m	880
US	18	m	881
RU	25	m	882
DE	60	m	883
RU	17	m	884
US	43	m	885
BR	27	m	886
TR	20	m	887
BY	27	m	888
BR	31	f	889
DE	22	m	890
PE	27	m	891
SE	22	m	892
UK	20	m	893
US	23	m	894
PL	21	f	895
BG	14	m	896
US	19	m	897
RU	22	m	898
AR	19	m	899
BR	18	f	900
MX	24	f	901
BR	15	m	902
RU	21	m	903
BR	18	m	904
NL	22	f	905
BR	18	m	906
BY	30	m	907
PY	42	m	908
BE	55	m	909
RU	22	m	910
BR	21	m	911
US	19	f	912
BR	32	m	913
UK	20	m	914
FI	25	m	915
FI	20	f	916
RU	22	m	917
BR	20	m	918
UZ	23	m	919
EE	19	m	920
RU	19	m	921
BG	22	m	922
GE	18	f	923
PH	19	m	924
DE	28	m	925
PL	25	m	926
ID	20	m	927
PL	14	m	928
BR	18	f	929
DE	33	m	930
US	37	m	931
CA	17	m	932
RU	15	m	933
ZA	23	f	934
MX	21	m	935
RU	19	f	936
UA	17	f	937
SE	21	m	938
RU	19	m	939
