user_id:token	item_id:token
0	526
0	56
0	322
0	644
0	267
0	365
0	95
0	155
0	488
0	185
1	704
1	605
1	238
1	762
1	908
1	739
1	142
1	120
1	226
1	300
2	919
2	630
2	644
2	629
2	524
2	925
2	296
2	761
2	924
2	527
3	527
3	924
3	919
3	315
3	767
3	361
3	630
3	987
3	114
3	185
4	120
4	633
4	987
4	585
4	767
4	384
4	749
4	630
4	527
4	909
5	704
5	314
5	210
5	154
5	216
5	460
5	43
5	630
5	9
5	380
6	924
6	926
6	95
6	925
6	395
6	888
6	119
6	296
6	32
6	527
7	706
7	696
7	9
7	264
7	767
7	321
7	743
7	344
7	909
7	749
8	265
8	95
8	924
8	524
8	810
8	767
8	748
8	182
8	120
8	300
9	924
9	709
9	696
9	919
9	226
9	185
9	574
9	318
9	265
9	240
10	696
10	633
10	262
10	95
10	58
10	628
10	835
10	265
10	589
10	201
11	265
11	987
11	9
11	114
11	605
11	619
11	300
11	361
11	748
11	630
12	226
12	57
12	321
12	629
12	630
12	585
12	898
12	702
12	456
12	300
13	95
13	743
13	226
13	56
13	321
13	972
13	696
13	586
13	365
13	155
14	919
14	977
14	344
14	315
14	314
14	693
14	705
14	513
14	95
14	586
15	527
15	241
15	754
15	176
15	749
15	736
15	633
15	318
15	977
15	570
16	344
16	266
16	977
16	384
16	9
16	293
16	698
16	586
16	373
16	945
17	95
17	754
17	527
17	930
17	402
17	265
17	973
17	393
17	656
17	968
18	565
18	423
18	976
18	448
18	318
18	656
18	265
18	574
18	754
18	839
19	344
19	155
19	585
19	704
19	321
19	800
19	300
19	172
19	977
19	373
20	943
20	619
20	810
20	888
20	527
20	633
20	749
20	925
20	296
20	643
21	749
21	574
21	18
21	247
21	95
21	919
21	238
21	442
21	315
21	11
22	261
22	754
22	226
22	442
22	318
22	958
22	894
22	748
22	590
22	237
23	977
23	585
23	95
23	385
23	917
23	898
23	18
23	619
23	376
23	344
24	924
24	644
24	120
24	315
24	767
24	709
24	56
24	527
24	740
24	810
25	827
25	264
25	706
25	634
25	526
25	182
25	346
25	942
25	738
25	154
26	9
26	612
26	656
26	49
26	526
26	960
26	933
26	909
26	456
26	384
27	987
27	315
27	267
27	888
27	265
27	56
27	919
27	619
27	925
27	365
28	586
28	585
28	240
28	977
28	858
28	527
28	698
28	266
28	408
28	919
29	226
29	344
29	238
29	114
29	43
29	633
29	448
29	384
29	586
29	324
30	155
30	344
30	919
30	296
30	154
30	322
30	49
30	315
30	943
30	83
31	706
31	968
31	987
31	95
31	527
31	262
31	630
31	342
31	810
31	188
32	754
32	356
32	942
32	958
32	973
32	951
32	840
32	311
32	262
32	261
33	968
33	749
33	418
33	448
33	269
33	505
33	488
33	826
33	111
33	98
34	896
34	574
34	43
34	265
34	743
34	296
34	919
34	586
34	240
34	585
35	630
35	987
35	315
35	943
35	612
35	260
35	759
35	556
35	66
35	324
36	586
36	951
36	628
36	114
36	320
36	43
36	353
36	612
36	835
36	977
37	56
37	226
37	383
37	344
37	753
37	175
37	527
37	696
37	374
37	704
38	704
38	612
38	322
38	973
38	226
38	266
38	942
38	633
38	924
38	267
39	919
39	155
39	402
39	749
39	693
39	726
39	120
39	238
39	49
39	705
40	924
40	315
40	987
40	919
40	943
40	633
40	749
40	345
40	120
40	267
41	987
41	644
41	925
41	267
41	120
41	365
41	629
41	919
41	924
41	296
42	977
42	853
42	183
42	463
42	184
42	769
42	401
42	120
42	802
42	268
43	849
43	984
43	908
43	342
43	262
43	439
43	651
43	229
43	634
43	276
44	630
44	924
44	644
44	344
44	322
44	524
44	810
44	527
44	943
44	619
45	226
45	696
45	365
45	11
45	315
45	198
45	238
45	384
45	488
45	749
46	344
46	155
46	736
46	977
46	318
46	238
46	55
46	77
46	940
46	578
47	693
47	919
47	749
47	924
47	652
47	752
47	505
47	705
47	58
47	342
48	630
48	749
48	296
48	633
48	696
48	926
48	917
48	925
48	585
48	644
49	585
49	43
49	267
49	704
49	322
49	324
49	895
49	698
49	344
49	227
50	644
50	119
50	463
50	895
50	120
50	987
50	888
50	522
50	696
50	296
51	9
51	342
51	296
51	172
51	462
51	227
51	987
51	252
51	94
51	630
52	917
52	550
52	155
52	449
52	514
52	497
52	578
52	859
52	840
52	627
53	586
53	56
53	748
53	919
53	95
53	896
53	860
53	930
53	630
53	234
54	630
54	315
54	919
54	321
54	696
54	633
54	176
54	644
54	585
54	917
55	77
55	162
55	267
55	973
55	608
55	176
55	612
55	894
55	628
55	401
56	315
56	444
56	599
56	619
56	651
56	704
56	696
56	66
56	402
56	743
57	919
57	644
57	315
57	924
57	344
57	526
57	527
57	395
57	633
57	226
58	527
58	630
58	9
58	656
58	57
58	226
58	344
58	95
58	924
58	343
59	987
59	580
59	693
59	491
59	697
59	318
59	706
59	55
59	365
59	119
60	619
60	95
60	267
60	930
60	266
60	644
60	924
60	526
60	322
60	612
61	810
61	384
61	703
61	743
61	494
61	252
61	928
61	379
61	725
61	769
62	322
62	919
62	612
62	315
62	95
62	226
62	56
62	644
62	802
62	395
63	585
63	936
63	898
63	394
63	619
63	942
63	574
63	56
63	121
63	322
64	628
64	318
64	238
64	384
64	810
64	798
64	463
64	766
64	926
64	198
65	344
65	612
65	56
65	767
65	227
65	919
65	419
65	820
65	553
65	633
66	743
66	924
66	637
66	30
66	455
66	585
66	346
66	930
66	790
66	384
67	95
67	919
67	810
67	402
67	318
67	706
67	155
67	315
67	395
67	908
68	619
68	703
68	482
68	250
68	57
68	114
68	11
68	274
68	461
68	315
69	262
69	800
69	418
69	56
69	644
69	634
69	155
69	696
69	709
69	447
70	987
70	322
70	924
70	9
70	95
70	314
70	176
70	656
70	943
70	527
71	56
71	384
71	704
71	77
71	321
71	894
71	43
71	238
71	9
71	858
72	344
72	9
72	908
72	155
72	384
72	919
72	977
72	630
72	798
72	585
73	919
73	924
73	644
73	162
73	120
73	395
73	322
73	643
73	522
73	740
74	344
74	300
74	924
74	402
74	977
74	633
74	574
74	10
74	987
74	696
75	924
75	633
75	696
75	95
75	898
75	9
75	526
75	630
75	749
75	977
76	924
76	9
76	402
76	322
76	909
76	56
76	120
76	353
76	919
76	693
77	829
77	977
77	608
77	802
77	618
77	721
77	155
77	420
77	210
77	119
78	226
78	633
78	898
78	917
78	924
78	238
78	77
78	216
78	909
78	345
79	231
79	704
79	51
79	261
79	373
79	269
79	344
79	476
79	419
79	698
80	987
80	315
80	888
80	120
80	522
80	288
80	296
80	269
80	633
80	267
81	56
81	9
81	895
81	395
81	527
81	522
81	888
81	267
81	155
81	324
82	977
82	810
82	987
82	318
82	612
82	898
82	267
82	296
82	300
82	916
83	972
83	476
83	702
83	619
83	292
83	533
83	524
83	365
83	173
83	471
84	630
84	924
84	644
84	987
84	926
84	344
84	942
84	619
84	972
84	888
85	315
85	987
85	917
85	810
85	586
85	858
85	240
85	767
85	740
85	644
86	696
86	95
86	919
86	343
86	619
86	586
86	644
86	370
86	9
86	266
87	370
87	265
87	470
87	736
87	859
87	645
87	703
87	373
87	449
87	43
88	987
88	644
88	924
88	943
88	586
88	585
88	629
88	919
88	926
88	267
89	155
89	898
89	370
89	289
89	26
89	561
89	986
89	234
89	356
89	887
90	924
90	315
90	120
90	926
90	643
90	296
90	925
90	524
90	32
90	619
91	176
91	972
91	562
91	57
91	382
91	914
91	540
91	684
91	181
91	101
92	384
92	987
92	114
92	917
92	749
92	77
92	95
92	43
92	9
92	226
93	448
93	43
93	924
93	216
93	119
93	820
93	704
93	838
93	208
93	162
94	344
94	743
94	706
94	324
94	748
94	585
94	898
94	330
94	128
94	56
95	226
95	924
95	630
95	95
95	361
95	77
95	708
95	612
95	696
95	365
96	585
96	456
96	343
96	862
96	951
96	919
96	628
96	155
96	370
96	620
97	924
97	830
97	802
97	11
97	9
97	321
97	252
97	743
97	709
97	238
98	740
98	9
98	924
98	925
98	527
98	32
98	119
98	176
98	630
98	633
99	388
99	706
99	526
99	266
99	226
99	442
99	262
99	344
99	918
99	987
100	987
100	924
100	644
100	315
100	267
100	120
100	643
100	749
100	56
100	524
101	172
101	976
101	736
101	344
101	401
101	226
101	924
101	399
101	619
101	936
102	315
102	326
102	585
102	505
102	114
102	300
102	584
102	834
102	924
102	860
103	633
103	344
103	114
103	361
103	706
103	267
103	924
103	77
103	585
103	743
104	43
104	924
104	814
104	114
104	264
104	73
104	798
104	279
104	210
104	762
105	265
105	942
105	917
105	185
105	973
105	234
105	344
105	898
105	810
105	26
106	95
106	644
106	630
106	315
106	324
106	571
106	395
106	240
106	267
106	321
107	384
107	300
107	656
107	8
107	321
107	315
107	377
107	82
107	143
107	973
108	9
108	704
108	56
108	917
108	706
108	39
108	778
108	767
108	95
108	630
109	344
109	820
109	919
109	646
109	9
109	276
109	987
109	640
109	162
109	57
110	630
110	987
110	395
110	644
110	322
110	820
110	315
110	95
110	926
110	925
111	269
111	917
111	526
111	858
111	324
111	743
111	238
111	175
111	300
111	703
112	265
112	977
112	810
112	226
112	917
112	321
112	630
112	401
112	264
112	754
113	9
113	315
113	384
113	586
113	172
113	57
113	58
113	644
113	234
113	585
114	924
114	56
114	919
114	704
114	634
114	696
114	33
114	449
114	226
114	526
115	185
115	402
115	987
115	919
115	696
115	241
115	322
115	898
115	749
115	924
116	524
116	315
116	987
116	909
116	322
116	612
116	644
116	924
116	321
116	894
117	919
117	909
117	924
117	120
117	94
117	590
117	58
117	56
117	321
117	696
118	120
118	267
118	696
118	524
118	586
118	943
118	633
118	272
118	321
118	318
119	977
119	630
119	749
119	709
119	629
119	858
119	585
119	987
119	644
119	527
120	9
120	619
120	527
120	917
120	95
120	943
120	767
120	269
120	630
120	696
121	321
121	240
121	344
121	858
121	58
121	740
121	586
121	527
121	909
121	644
122	114
122	43
122	360
122	297
122	639
122	810
122	790
122	909
122	330
122	827
123	924
123	987
123	526
123	630
123	740
123	56
123	315
123	527
123	709
123	342
124	344
124	260
124	383
124	799
124	586
124	583
124	449
124	749
124	175
124	896
125	987
125	696
125	630
125	888
125	918
125	527
125	342
125	767
125	585
125	18
126	526
126	924
126	703
126	322
126	767
126	749
126	693
126	630
126	633
126	899
127	384
127	909
127	527
127	9
127	754
127	767
127	585
127	155
127	289
127	696
128	709
128	455
128	670
128	937
128	322
128	240
128	706
128	529
128	300
128	740
129	924
129	619
129	633
129	810
129	898
129	977
129	326
129	917
129	226
129	344
130	630
130	987
130	185
130	288
130	315
130	155
130	926
130	120
130	888
130	644
131	810
131	972
131	703
131	83
131	241
131	293
131	835
131	57
131	143
131	639
132	444
132	987
132	835
132	820
132	522
132	585
132	56
132	27
132	66
132	977
133	898
133	909
133	896
133	234
133	972
133	457
133	960
133	427
133	857
133	940
134	919
134	344
134	522
134	9
134	56
134	977
134	216
134	987
134	986
134	114
135	269
135	293
135	638
135	344
135	986
135	744
135	240
135	252
135	276
135	75
136	384
136	585
136	9
136	402
136	56
136	696
136	266
136	704
136	630
136	225
137	321
137	605
137	977
137	260
137	265
137	262
137	968
137	932
137	322
137	693
138	698
138	261
138	703
138	155
138	630
138	754
138	384
138	644
138	195
138	643
139	898
139	153
139	163
139	344
139	384
139	461
139	227
139	754
139	831
139	134
140	384
140	322
140	9
140	182
140	656
140	973
140	238
140	526
140	315
140	226
141	630
141	987
141	162
141	919
141	315
141	120
141	619
141	56
141	925
141	644
142	633
142	698
142	574
142	326
142	802
142	267
142	924
142	584
142	976
142	344
143	9
143	527
143	321
143	322
143	987
143	656
143	942
143	918
143	917
143	238
144	634
144	909
144	919
144	749
144	696
144	365
144	977
144	762
144	633
144	629
145	527
145	958
145	95
145	909
145	37
145	979
145	449
145	326
145	960
145	321
146	385
146	762
146	119
146	925
146	740
146	644
146	919
146	267
146	888
146	873
147	431
147	854
147	418
147	762
147	488
147	183
147	85
147	115
147	154
147	166
148	11
148	226
148	897
148	325
148	9
148	346
148	960
148	522
148	57
148	120
149	322
149	977
149	512
149	311
149	911
149	942
149	155
149	318
149	296
149	457
150	752
150	444
150	491
150	153
150	589
150	578
150	619
150	463
150	297
150	83
151	633
151	888
151	919
151	56
151	33
151	629
151	926
151	585
151	95
151	619
152	633
152	60
152	209
152	908
152	26
152	37
152	762
152	215
152	375
152	723
153	894
153	293
153	318
153	172
153	154
153	58
153	698
153	853
153	812
153	578
154	315
154	987
154	924
154	395
154	919
154	56
154	612
154	296
154	322
154	33
155	586
155	860
155	121
155	619
155	11
155	261
155	702
155	365
155	9
155	297
156	226
156	839
156	704
156	384
156	344
156	56
156	326
156	762
156	907
156	748
157	59
157	860
157	226
157	447
157	322
157	284
157	269
157	912
157	581
157	706
158	226
158	749
158	227
158	439
158	696
158	898
158	743
158	194
158	767
158	11
159	95
159	585
159	241
159	977
159	266
159	584
159	832
159	227
159	9
159	858
160	987
160	924
160	619
160	644
160	630
160	322
160	872
160	585
160	919
160	574
161	898
161	9
161	344
161	630
161	162
161	924
161	300
161	322
161	95
161	743
162	384
162	321
162	155
162	924
162	930
162	315
162	908
162	152
162	612
162	449
163	176
163	185
163	924
163	585
163	629
163	987
163	266
163	810
163	344
163	919
164	909
164	18
164	11
164	95
164	155
164	9
164	57
164	250
164	182
164	960
165	706
165	987
165	267
165	698
165	630
165	853
165	612
165	321
165	9
165	524
166	344
166	241
166	749
166	570
166	612
166	898
166	427
166	56
166	299
166	59
167	586
167	321
167	226
167	896
167	743
167	131
167	924
167	345
167	402
167	527
168	743
168	488
168	706
168	872
168	262
168	224
168	974
168	321
168	632
168	763
169	227
169	898
169	344
169	754
169	698
169	56
169	234
169	321
169	396
169	800
170	743
170	924
170	210
170	345
170	198
170	767
170	315
170	644
170	574
170	976
171	919
171	56
171	267
171	344
171	120
171	296
171	858
171	119
171	585
171	33
172	444
172	49
172	652
172	131
172	241
172	300
172	322
172	752
172	293
172	922
173	269
173	361
173	114
173	191
173	854
173	585
173	448
173	482
173	619
173	832
174	863
174	114
174	629
174	845
174	586
174	53
174	522
174	984
174	215
174	598
175	344
175	628
175	566
175	105
175	704
175	656
175	782
175	387
175	100
175	164
176	917
176	265
176	9
176	321
176	60
176	977
176	749
176	973
176	267
176	240
177	630
177	586
177	924
177	888
177	176
177	360
177	628
177	908
177	32
177	120
178	261
178	388
178	968
178	58
178	189
178	383
178	691
178	693
178	344
178	289
179	226
179	749
179	183
179	858
179	696
179	162
179	9
179	762
179	297
179	18
180	266
180	749
180	527
180	264
180	449
180	95
180	57
180	917
180	226
180	342
181	49
181	176
181	439
181	9
181	120
181	314
181	630
181	184
181	749
181	627
182	114
182	696
182	37
182	619
182	752
182	820
182	858
182	943
182	580
182	967
183	810
183	321
183	919
183	937
183	272
183	399
183	574
183	633
183	314
183	226
184	696
184	43
184	917
184	527
184	95
184	630
184	226
184	698
184	300
184	510
185	661
185	185
185	105
185	154
185	210
185	696
185	526
185	432
185	505
185	273
186	9
186	431
186	315
186	155
186	888
186	322
186	252
186	987
186	324
186	293
187	267
187	395
187	633
187	644
187	240
187	643
187	322
187	943
187	736
187	49
188	591
188	8
188	908
188	988
188	754
188	241
188	288
188	634
188	672
188	30
189	114
189	267
189	703
189	322
189	526
189	326
189	457
189	43
189	704
189	762
190	56
190	640
190	57
190	840
190	427
190	97
190	572
190	384
190	276
190	302
191	95
191	634
191	185
191	740
191	449
191	264
191	898
191	987
191	585
191	968
192	611
192	345
192	314
192	682
192	266
192	586
192	612
192	440
192	52
192	820
193	854
193	399
193	574
193	318
193	894
193	675
193	365
193	573
193	42
193	383
194	698
194	924
194	402
194	987
194	365
194	703
194	762
194	704
194	419
194	767
195	9
195	527
195	924
195	919
195	633
195	234
195	384
195	896
195	315
195	522
196	526
196	234
196	619
196	384
196	154
196	714
196	163
196	56
196	265
196	266
197	977
197	898
197	226
197	330
197	853
197	449
197	264
197	455
197	83
197	463
198	743
198	960
198	344
198	871
198	633
198	296
198	586
198	898
198	924
198	446
199	9
199	918
199	322
199	749
199	345
199	826
199	269
199	247
199	505
199	709
200	318
200	444
200	754
200	942
200	488
200	448
200	736
200	725
200	155
200	622
201	266
201	740
201	656
201	859
201	934
201	402
201	67
201	990
201	847
201	784
202	361
202	987
202	43
202	767
202	644
202	315
202	463
202	365
202	57
202	224
203	82
203	339
203	562
203	444
203	210
203	866
203	427
203	115
203	581
203	299
204	322
204	754
204	633
204	909
204	296
204	630
204	849
204	353
204	924
204	188
205	924
205	119
205	120
205	926
205	524
205	296
205	527
205	56
205	522
205	943
206	942
206	527
206	973
206	326
206	238
206	234
206	77
206	909
206	240
206	300
207	9
207	585
207	114
207	987
207	448
207	630
207	43
207	619
207	524
207	324
208	95
208	827
208	605
208	488
208	30
208	482
208	444
208	388
208	185
208	725
209	630
209	644
209	987
209	629
209	522
209	924
209	315
209	761
209	342
209	919
210	226
210	612
210	633
210	630
210	987
210	267
210	943
210	315
210	629
210	527
211	56
211	924
211	630
211	267
211	315
211	119
211	633
211	344
211	919
211	987
212	260
212	514
212	401
212	574
212	66
212	693
212	630
212	396
212	269
212	924
213	977
213	321
213	917
213	266
213	696
213	628
213	77
213	186
213	525
213	60
214	321
214	384
214	630
214	56
214	749
214	977
214	262
214	696
214	95
214	265
215	300
215	9
215	942
215	296
215	463
215	131
215	584
215	183
215	33
215	637
216	586
216	322
216	898
216	810
216	977
216	419
216	448
216	95
216	43
216	162
217	924
217	633
217	767
217	761
217	942
217	919
217	987
217	908
217	66
217	630
218	155
218	186
218	388
218	440
218	763
218	988
218	497
218	616
218	409
218	682
219	261
219	714
219	66
219	86
219	706
219	565
219	33
219	780
219	170
219	745
220	9
220	524
220	968
220	925
220	586
220	619
220	155
220	880
220	460
220	701
221	743
221	527
221	693
221	369
221	634
221	66
221	383
221	721
221	846
221	234
222	315
222	858
222	155
222	185
222	925
222	644
222	267
222	56
222	524
222	816
223	585
223	95
223	321
223	176
223	736
223	384
223	269
223	471
223	754
223	77
224	322
224	293
224	706
224	957
224	767
224	704
224	930
224	224
224	330
224	324
225	402
225	186
225	437
225	265
225	682
225	226
225	696
225	890
225	133
225	185
226	9
226	95
226	987
226	865
226	384
226	226
226	925
226	749
226	315
226	266
227	226
227	373
227	987
227	898
227	977
227	265
227	909
227	924
227	321
227	77
228	9
228	574
228	898
228	155
228	619
228	526
228	267
228	318
228	652
228	344
229	743
229	9
229	943
229	322
229	619
229	586
229	120
229	94
229	83
229	630
230	344
230	324
230	321
230	754
230	835
230	296
230	986
230	858
230	461
230	56
231	315
231	56
231	919
231	288
231	633
231	644
231	58
231	267
231	709
231	318
232	162
232	919
232	943
232	721
232	261
232	824
232	9
232	214
232	696
232	643
233	924
233	612
233	630
233	114
233	9
233	43
233	619
233	526
233	749
233	384
234	384
234	908
234	226
234	972
234	321
234	32
234	37
234	651
234	234
234	762
235	762
235	95
235	234
235	743
235	633
235	326
235	726
235	57
235	748
235	265
236	18
236	95
236	522
236	917
236	761
236	60
236	986
236	943
236	744
236	345
237	762
237	608
237	315
237	704
237	705
237	930
237	711
237	643
237	266
237	316
238	463
238	266
238	924
238	514
238	767
238	488
238	721
238	839
238	152
238	637
239	644
239	888
239	924
239	56
239	267
239	919
239	629
239	527
239	633
239	925
240	930
240	582
240	238
240	321
240	226
240	315
240	909
240	342
240	212
240	754
241	324
241	77
241	56
241	895
241	703
241	300
241	315
241	786
241	9
241	113
242	488
242	247
242	810
242	345
242	945
242	191
242	185
242	919
242	86
242	766
243	987
243	321
243	527
243	315
243	924
243	629
243	182
243	322
243	324
243	696
244	527
244	9
244	919
244	917
244	942
244	767
244	226
244	696
244	630
244	315
245	322
245	384
245	618
245	191
245	942
245	300
245	752
245	810
245	754
245	344
246	463
246	238
246	706
246	241
246	455
246	346
246	800
246	704
246	511
246	367
247	264
247	827
247	721
247	491
247	155
247	37
247	384
247	637
247	977
247	433
248	95
248	909
248	972
248	318
248	943
248	384
248	749
248	114
248	176
248	767
249	419
249	698
249	619
249	762
249	703
249	704
249	326
249	402
249	408
249	924
250	238
250	634
250	322
250	527
250	463
250	384
250	449
250	585
250	326
250	321
251	344
251	318
251	380
251	743
251	706
251	485
251	356
251	57
251	262
251	462
252	9
252	798
252	578
252	43
252	708
252	814
252	923
252	262
252	142
252	176
253	748
253	262
253	240
253	56
253	629
253	360
253	326
253	825
253	897
253	375
254	943
254	322
254	226
254	395
254	162
254	527
254	32
254	120
254	926
254	709
255	49
255	471
255	322
255	529
255	241
255	565
255	153
255	568
255	505
255	942
256	644
256	95
256	56
256	612
256	32
256	267
256	643
256	226
256	119
256	524
257	463
257	706
257	924
257	344
257	385
257	314
257	318
257	859
257	104
257	628
258	743
258	182
258	186
258	936
258	95
258	656
258	952
258	696
258	155
258	782
259	630
259	924
259	644
259	919
259	120
259	395
259	114
259	77
259	322
259	917
260	630
260	488
260	698
260	267
260	644
260	987
260	925
260	977
260	924
260	261
261	344
261	375
261	754
261	585
261	977
261	182
261	289
261	798
261	315
261	318
262	322
262	924
262	919
262	987
262	267
262	644
262	120
262	943
262	749
262	629
263	810
263	527
263	696
263	586
263	862
263	924
263	951
263	388
263	317
263	526
264	919
264	924
264	269
264	265
264	238
264	726
264	585
264	374
264	342
264	589
265	581
265	222
265	887
265	37
265	568
265	968
265	759
265	585
265	682
265	990
266	505
266	652
266	361
266	406
266	10
266	622
266	60
266	161
266	440
266	879
267	585
267	176
267	262
267	924
267	767
267	43
267	917
267	797
267	945
267	173
268	56
268	226
268	924
268	917
268	527
268	633
268	749
268	18
268	11
268	491
269	120
269	32
269	527
269	95
269	585
269	79
269	267
269	888
269	924
269	318
270	384
270	261
270	267
270	52
270	972
270	370
270	698
270	9
270	858
270	898
271	585
271	238
271	9
271	958
271	95
271	463
271	226
271	315
271	798
271	317
272	120
272	56
272	924
272	119
272	344
272	709
272	527
272	943
272	185
272	524
273	267
273	296
273	527
273	926
273	633
273	943
273	66
273	94
273	226
273	709
274	114
274	936
274	898
274	60
274	810
274	95
274	0
274	356
274	457
274	725
275	43
275	322
275	802
275	863
275	375
275	345
275	522
275	448
275	919
275	267
276	585
276	987
276	512
276	188
276	586
276	240
276	241
276	704
276	176
276	43
277	9
277	633
277	574
277	958
277	810
277	155
277	630
277	917
277	185
277	408
278	321
278	585
278	898
278	95
278	300
278	612
278	240
278	162
278	987
278	973
279	630
279	344
279	296
279	987
279	942
279	315
279	644
279	571
279	754
279	919
280	898
280	95
280	226
280	820
280	743
280	456
280	987
280	185
280	265
280	491
281	384
281	315
281	527
281	266
281	321
281	163
281	858
281	365
281	162
281	449
282	644
282	924
282	120
282	32
282	56
282	267
282	629
282	585
282	612
282	925
283	762
283	344
283	630
283	917
283	326
283	262
283	9
283	527
283	216
283	226
284	743
284	574
284	948
284	121
284	593
284	898
284	342
284	540
284	247
284	305
285	185
285	630
285	265
285	585
285	267
285	968
285	155
285	384
285	162
285	184
286	344
286	155
286	77
286	977
286	754
286	318
286	321
286	241
286	56
286	572
287	630
287	858
287	987
287	925
287	240
287	365
287	586
287	315
287	924
287	57
288	919
288	526
288	909
288	488
288	266
288	749
288	58
288	968
288	898
288	810
289	9
289	696
289	987
289	858
289	155
289	585
289	58
289	30
289	932
289	698
290	898
290	762
290	384
290	418
290	318
290	269
290	354
290	858
290	987
290	360
291	574
291	267
291	526
291	586
291	762
291	56
291	315
291	269
291	79
291	322
292	522
292	527
292	898
292	924
292	749
292	216
292	987
292	754
292	585
292	629
293	696
293	448
293	574
293	326
293	43
293	227
293	344
293	324
293	966
293	432
294	643
294	925
294	120
294	924
294	629
294	296
294	32
294	267
294	94
294	943
295	95
295	49
295	749
295	585
295	491
295	524
295	261
295	924
295	527
295	226
296	95
296	972
296	634
296	262
296	264
296	77
296	226
296	898
296	845
296	266
297	265
297	322
297	696
297	838
297	259
297	173
297	704
297	835
297	442
297	353
298	644
298	315
298	926
298	919
298	32
298	767
298	986
298	56
298	79
298	761
299	322
299	321
299	315
299	120
299	527
299	919
299	344
299	395
299	9
299	987
300	919
300	419
300	709
300	95
300	408
300	936
300	522
300	267
300	740
300	973
301	9
301	987
301	810
301	909
301	185
301	924
301	388
301	527
301	925
301	457
302	56
302	586
302	911
302	704
302	229
302	384
302	463
302	597
302	296
302	409
303	267
303	698
303	315
303	238
303	527
303	384
303	628
303	43
303	816
303	346
304	56
304	858
304	384
304	9
304	58
304	266
304	324
304	706
304	296
304	95
305	586
305	527
305	119
305	265
305	619
305	950
305	896
305	9
305	900
305	230
306	696
306	629
306	522
306	176
306	321
306	919
306	634
306	345
306	943
306	711
307	585
307	58
307	74
307	10
307	696
307	858
307	388
307	154
307	488
307	183
308	43
308	18
308	839
308	11
308	172
308	275
308	423
308	682
308	858
308	144
309	315
309	926
309	919
309	395
309	267
309	120
309	32
309	888
309	619
309	66
310	761
310	853
310	696
310	898
310	9
310	768
310	730
310	262
310	810
310	895
311	488
311	767
311	83
311	740
311	940
311	919
311	585
311	193
311	578
311	482
312	909
312	321
312	56
312	693
312	810
312	162
312	749
312	696
312	57
312	634
313	269
313	361
313	402
313	698
313	267
313	383
313	240
313	388
313	574
313	326
314	630
314	987
314	644
314	740
314	527
314	749
314	120
314	32
314	629
314	924
315	256
315	471
315	619
315	137
315	444
315	567
315	753
315	637
315	140
315	581
316	491
316	977
316	188
316	924
316	306
316	512
316	385
316	580
316	578
316	95
317	633
317	919
317	987
317	56
317	527
317	155
317	888
317	185
317	644
317	917
318	924
318	827
318	982
318	619
318	545
318	983
318	593
318	403
318	773
318	163
319	630
319	315
319	644
319	266
319	919
319	643
319	925
319	696
319	709
319	94
320	619
320	315
320	488
320	644
320	924
320	321
320	226
320	743
320	524
320	94
321	43
321	353
321	522
321	591
321	693
321	95
321	360
321	431
321	835
321	884
322	56
322	987
322	898
322	644
322	267
322	924
322	749
322	526
322	643
322	767
323	740
323	630
323	987
323	924
323	644
323	586
323	629
323	612
323	524
323	32
324	95
324	919
324	9
324	265
324	227
324	373
324	571
324	696
324	241
324	78
325	402
325	977
325	987
325	240
325	185
325	586
325	9
325	505
325	698
325	77
326	898
326	384
326	909
326	267
326	77
326	365
326	630
326	894
326	163
326	238
327	743
327	704
327	321
327	262
327	972
327	968
327	286
327	973
327	98
327	226
328	586
328	155
328	767
328	318
328	9
328	704
328	644
328	820
328	931
328	306
329	95
329	344
329	898
329	9
329	988
329	457
329	909
329	345
329	238
329	977
330	300
330	578
330	585
330	384
330	605
330	412
330	574
330	155
330	94
330	832
331	987
331	749
331	898
331	585
331	120
331	240
331	656
331	644
331	800
331	556
332	384
332	898
332	322
332	524
332	315
332	629
332	612
332	226
332	11
332	79
333	9
333	199
333	644
333	461
333	471
333	585
333	960
333	767
333	782
333	247
334	120
334	926
334	267
334	322
334	643
334	32
334	524
334	296
334	633
334	395
335	585
335	77
335	238
335	225
335	704
335	908
335	527
335	706
335	898
335	924
336	628
336	444
336	56
336	86
336	619
336	762
336	226
336	300
336	470
336	589
337	762
337	767
337	43
337	511
337	370
337	756
337	505
337	573
337	924
337	172
338	644
338	384
338	924
338	315
338	267
338	120
338	926
338	155
338	79
338	210
339	919
339	925
339	56
339	361
339	49
339	322
339	820
339	241
339	183
339	444
340	919
340	344
340	315
340	749
340	633
340	612
340	226
340	696
340	925
340	858
341	951
341	586
341	754
341	162
341	227
341	56
341	659
341	401
341	958
341	760
342	188
342	553
342	442
342	388
342	131
342	383
342	977
342	749
342	365
342	858
343	919
343	909
343	95
343	740
343	227
343	968
343	74
343	206
343	70
343	526
344	315
344	987
344	924
344	267
344	644
344	858
344	740
344	766
344	488
344	810
345	919
345	185
345	77
345	95
345	527
345	853
345	977
345	825
345	172
345	656
346	571
346	749
346	644
346	987
346	344
346	267
346	315
346	612
346	43
346	919
347	737
347	8
347	526
347	185
347	491
347	309
347	960
347	238
347	289
347	495
348	893
348	898
348	802
348	137
348	708
348	344
348	584
348	214
348	172
348	949
349	56
349	630
349	987
349	919
349	696
349	924
349	644
349	315
349	526
349	749
350	210
350	898
350	240
350	153
350	571
350	930
350	95
350	591
350	77
350	461
351	463
351	637
351	743
351	968
351	625
351	706
351	208
351	262
351	79
351	726
352	633
352	315
352	586
352	8
352	987
352	32
352	395
352	858
352	119
352	314
353	9
353	749
353	924
353	630
353	527
353	633
353	919
353	342
353	227
353	925
354	988
354	977
354	240
354	608
354	669
354	908
354	49
354	155
354	288
354	343
355	9
355	919
355	185
355	630
355	909
355	612
355	527
355	83
355	56
355	488
356	9
356	240
356	987
356	633
356	925
356	267
356	43
356	917
356	162
356	749
357	240
357	698
357	408
357	172
357	300
357	619
357	858
357	344
357	582
357	478
358	898
358	977
358	49
358	705
358	155
358	514
358	930
358	322
358	448
358	58
359	318
359	810
359	749
359	908
359	527
359	182
359	887
359	656
359	646
359	618
360	155
360	388
360	297
360	617
360	260
360	859
360	800
360	766
360	423
360	78
361	240
361	95
361	584
361	266
361	321
361	749
361	361
361	10
361	264
361	987
362	987
362	749
362	919
362	56
362	526
362	524
362	324
362	767
362	888
362	95
363	987
363	315
363	630
363	384
363	120
363	344
363	522
363	585
363	267
363	488
364	95
364	153
364	830
364	762
364	628
364	973
364	344
364	546
364	703
364	810
365	402
365	463
365	724
365	289
365	730
365	706
365	696
365	252
365	139
365	260
366	740
366	342
366	527
366	176
366	522
366	644
366	630
366	526
366	925
366	987
367	322
367	32
367	267
367	395
367	449
367	619
367	571
367	176
367	321
367	120
368	924
368	120
368	296
368	629
368	633
368	888
368	926
368	395
368	709
368	585
369	95
369	198
369	152
369	743
369	549
369	514
369	599
369	298
369	297
369	269
370	9
370	361
370	633
370	924
370	919
370	987
370	353
370	527
370	423
370	315
371	919
371	619
371	888
371	926
371	629
371	226
371	527
371	120
371	296
371	633
372	95
372	321
372	968
372	619
372	987
372	937
372	262
372	9
372	463
372	909
373	644
373	56
373	924
373	633
373	322
373	619
373	629
373	522
373	917
373	943
374	743
374	924
374	585
374	226
374	810
374	705
374	384
374	526
374	37
374	18
375	344
375	9
375	95
375	703
375	384
375	43
375	77
375	226
375	94
375	696
376	698
376	369
376	370
376	368
376	485
376	977
376	265
376	322
376	702
376	566
377	384
377	924
377	226
377	630
377	365
377	527
377	909
377	267
377	402
377	754
378	344
378	673
378	769
378	652
378	155
378	10
378	240
378	972
378	585
378	227
379	919
379	261
379	633
379	58
379	619
379	960
379	917
379	491
379	31
379	987
380	95
380	344
380	384
380	226
380	155
380	585
380	266
380	919
380	977
380	918
381	395
381	56
381	296
381	643
381	888
381	526
381	120
381	629
381	612
381	709
382	315
382	919
382	987
382	267
382	858
382	56
382	388
382	526
382	395
382	644
383	930
383	299
383	735
383	911
383	384
383	322
383	162
383	284
383	106
383	549
384	987
384	95
384	315
384	630
384	318
384	937
384	344
384	322
384	743
384	384
385	526
385	94
385	524
385	708
385	682
385	944
385	706
385	324
385	293
385	9
386	924
386	9
386	987
386	384
386	630
386	79
386	315
386	598
386	644
386	119
387	56
387	384
387	9
387	315
387	919
387	696
387	526
387	321
387	909
387	60
388	266
388	265
388	748
388	909
388	810
388	114
388	703
388	525
388	628
388	162
389	749
389	60
389	344
389	917
389	527
389	656
389	505
389	365
389	395
389	261
390	384
390	644
390	383
390	56
390	267
390	917
390	315
390	574
390	696
390	324
391	315
391	630
391	924
391	95
391	463
391	888
391	749
391	398
391	987
391	522
392	810
392	743
392	322
392	95
392	9
392	395
392	225
392	839
392	470
392	267
393	9
393	630
393	322
393	315
393	56
393	987
393	706
393	568
393	234
393	696
394	633
394	924
394	704
394	612
394	315
394	644
394	696
394	586
394	266
394	120
395	943
395	56
395	926
395	315
395	267
395	33
395	612
395	260
395	522
395	395
396	909
396	261
396	884
396	945
396	810
396	862
396	454
396	293
396	972
396	488
397	762
397	924
397	919
397	585
397	896
397	9
397	987
397	802
397	342
397	740
398	120
398	296
398	527
398	95
398	395
398	32
398	619
398	633
398	612
398	943
399	585
399	630
399	749
399	241
399	987
399	633
399	342
399	738
399	612
399	704
400	858
400	18
400	57
400	56
400	264
400	225
400	212
400	748
400	114
400	743
401	265
401	919
401	526
401	585
401	825
401	388
401	725
401	283
401	111
401	966
402	120
402	619
402	296
402	633
402	95
402	643
402	32
402	527
402	395
402	322
403	810
403	143
403	488
403	854
403	261
403	315
403	860
403	572
403	465
403	10
404	109
404	16
404	671
404	293
404	186
404	808
404	631
404	867
404	81
404	962
405	225
405	56
405	524
405	704
405	346
405	526
405	588
405	585
405	176
405	376
406	176
406	585
406	696
406	225
406	703
406	898
406	810
406	591
406	238
406	155
407	924
407	56
407	909
407	315
407	709
407	342
407	527
407	810
407	399
407	384
408	987
408	924
408	633
408	226
408	767
408	634
408	749
408	395
408	32
408	943
409	463
409	633
409	909
409	370
409	444
409	749
409	292
409	972
409	318
409	659
410	261
410	706
410	987
410	562
410	344
410	267
410	535
410	582
410	154
410	361
411	49
411	808
411	873
411	454
411	892
411	541
411	704
411	693
411	165
411	239
412	527
412	743
412	633
412	216
412	706
412	226
412	563
412	9
412	130
412	264
413	633
413	924
413	56
413	858
413	384
413	749
413	644
413	120
413	619
413	526
414	810
414	250
414	361
414	743
414	315
414	30
414	419
414	514
414	163
414	462
415	527
415	95
415	924
415	226
415	33
415	267
415	619
415	633
415	395
415	32
416	924
416	120
416	527
416	629
416	56
416	32
416	643
416	943
416	522
416	619
417	585
417	384
417	9
417	767
417	137
417	155
417	527
417	79
417	706
417	820
418	919
418	630
418	315
418	644
418	987
418	629
418	266
418	888
418	858
418	943
419	898
419	896
419	918
419	960
419	296
419	743
419	191
419	574
419	585
419	9
420	987
420	315
420	924
420	619
420	527
420	644
420	226
420	300
420	365
420	917
421	56
421	858
421	114
421	987
421	704
421	388
421	55
421	630
421	524
421	619
422	18
422	289
422	154
422	265
422	639
422	574
422	261
422	491
422	911
422	977
423	858
423	630
423	619
423	419
423	987
423	315
423	810
423	924
423	95
423	704
424	703
424	858
424	630
424	344
424	326
424	155
424	987
424	527
424	584
424	524
425	630
425	924
425	633
425	643
425	58
425	527
425	522
425	644
425	267
425	740
426	644
426	265
426	384
426	526
426	345
426	643
426	924
426	629
426	918
426	743
427	300
427	585
427	384
427	704
427	800
427	703
427	238
427	361
427	318
427	43
428	95
428	361
428	388
428	120
428	629
428	919
428	321
428	94
428	834
428	43
429	9
429	810
429	977
429	925
429	924
429	266
429	926
429	438
429	364
429	858
430	898
430	155
430	329
430	839
430	777
430	672
430	188
430	154
430	512
430	819
431	344
431	9
431	586
431	761
431	988
431	919
431	987
431	820
431	709
431	895
432	43
432	849
432	586
432	782
432	184
432	943
432	895
432	698
432	797
432	426
433	574
433	656
433	630
433	987
433	309
433	926
433	9
433	709
433	361
433	958
434	987
434	56
434	924
434	696
434	629
434	265
434	585
434	986
434	240
434	925
435	917
435	241
435	265
435	696
435	704
435	656
435	943
435	584
435	191
435	894
436	943
436	754
436	402
436	183
436	0
436	170
436	384
436	562
436	636
436	66
437	693
437	743
437	269
437	383
437	176
437	937
437	585
437	49
437	563
437	909
438	752
438	234
438	898
438	300
438	384
438	527
438	958
438	633
438	427
438	288
439	52
439	448
439	895
439	800
439	53
439	933
439	210
439	736
439	250
439	820
440	17
440	491
440	176
440	261
440	402
440	185
440	646
440	561
440	872
440	776
441	762
441	586
441	735
441	911
441	215
441	183
441	633
441	728
441	545
441	384
442	585
442	241
442	322
442	49
442	656
442	919
442	526
442	155
442	183
442	365
443	300
443	321
443	262
443	344
443	26
443	276
443	60
443	32
443	261
443	322
444	315
444	644
444	919
444	267
444	924
444	629
444	925
444	888
444	120
444	524
445	977
445	322
445	585
445	987
445	696
445	767
445	56
445	365
445	176
445	300
446	810
446	924
446	527
446	9
446	318
446	917
446	265
446	526
446	898
446	858
447	628
447	987
447	384
447	924
447	832
447	835
447	644
447	226
447	571
447	810
448	315
448	924
448	56
448	267
448	987
448	644
448	749
448	395
448	633
448	384
449	924
449	987
449	95
449	315
449	644
449	463
449	56
449	238
449	326
449	32
450	311
450	703
450	637
450	90
450	197
450	261
450	762
450	172
450	919
450	186
451	315
451	696
451	185
451	94
451	644
451	95
451	894
451	226
451	924
451	120
452	630
452	9
452	754
452	585
452	898
452	345
452	226
452	839
452	858
452	267
453	163
453	898
453	919
453	77
453	586
453	471
453	210
453	704
453	810
453	791
454	930
454	968
454	402
454	388
454	748
454	522
454	269
454	633
454	225
454	154
455	43
455	582
455	153
455	698
455	46
455	724
455	463
455	935
455	133
455	240
456	9
456	987
456	527
456	924
456	10
456	810
456	917
456	261
456	269
456	296
457	696
457	987
457	943
457	120
457	644
457	315
457	66
457	321
457	395
457	767
458	315
458	586
458	858
458	630
458	987
458	919
458	633
458	395
458	644
458	924
459	630
459	155
459	9
459	526
459	191
459	820
459	574
459	709
459	696
459	119
460	322
460	395
460	987
460	644
460	119
460	619
460	919
460	120
460	709
460	924
461	114
461	442
461	488
461	924
461	457
461	18
461	94
461	582
461	919
461	505
462	637
462	738
462	615
462	743
462	968
462	455
462	651
462	696
462	266
462	58
463	56
463	633
463	155
463	114
463	322
463	585
463	195
463	639
463	365
463	229
464	919
464	342
464	633
464	226
464	176
464	471
464	344
464	743
464	216
464	384
465	633
465	322
465	919
465	56
465	321
465	512
465	9
465	630
465	629
465	705
466	608
466	95
466	324
466	373
466	958
466	230
466	936
466	233
466	762
466	932
467	612
467	977
467	749
467	591
467	835
467	987
467	300
467	49
467	57
467	56
468	49
468	644
468	155
468	315
468	987
468	324
468	241
468	32
468	296
468	630
469	395
469	586
469	633
469	326
469	267
469	205
469	942
469	299
469	749
469	198
470	652
470	322
470	9
470	585
470	289
470	810
470	49
470	176
470	365
470	241
471	644
471	924
471	315
471	740
471	629
471	696
471	119
471	926
471	526
471	314
472	260
472	487
472	572
472	693
472	183
472	202
472	57
472	120
472	522
472	106
473	612
473	644
473	365
473	57
473	858
473	698
473	315
473	738
473	120
473	240
474	9
474	402
474	630
474	987
474	633
474	943
474	924
474	926
474	267
474	696
475	322
475	384
475	987
475	344
475	315
475	898
475	120
475	586
475	895
475	57
476	630
476	919
476	322
476	644
476	56
476	527
476	226
476	162
476	925
476	300
477	52
477	419
477	858
477	164
477	430
477	318
477	911
477	693
477	420
477	43
478	696
478	898
478	463
478	835
478	402
478	919
478	43
478	957
478	630
478	384
479	924
479	630
479	586
479	526
479	522
479	119
479	527
479	321
479	925
479	283
480	898
480	344
480	198
480	706
480	43
480	322
480	238
480	835
480	908
480	819
481	979
481	57
481	977
481	95
481	185
481	423
481	898
481	318
481	463
481	271
482	644
482	322
482	95
482	527
482	919
482	943
482	395
482	629
482	888
482	296
483	987
483	9
483	289
483	154
483	924
483	207
483	798
483	911
483	265
483	95
484	226
484	839
484	289
484	652
484	505
484	976
484	574
484	442
484	988
484	261
485	630
485	924
485	977
485	526
485	322
485	612
485	524
485	527
485	749
485	909
486	265
486	344
486	526
486	318
486	705
486	925
486	703
486	60
486	767
486	176
487	644
487	924
487	315
487	265
487	296
487	120
487	925
487	226
487	95
487	33
488	491
488	919
488	987
488	570
488	9
488	120
488	289
488	322
488	318
488	703
489	919
489	958
489	315
489	32
489	491
489	369
489	226
489	176
489	120
489	276
490	344
490	977
490	858
490	585
490	267
490	56
490	18
490	709
490	633
490	634
491	629
491	296
491	322
491	633
491	522
491	709
491	585
491	612
491	986
491	324
492	56
492	344
492	853
492	402
492	261
492	188
492	895
492	762
492	315
492	318
493	898
493	240
493	185
493	574
493	238
493	60
493	858
493	789
493	442
493	110
494	924
494	919
494	633
494	342
494	322
494	226
494	321
494	353
494	448
494	802
495	591
495	59
495	318
495	693
495	705
495	52
495	460
495	326
495	184
495	749
496	321
496	155
496	526
496	344
496	227
496	858
496	226
496	267
496	612
496	987
497	919
497	644
497	322
497	943
497	924
497	696
497	384
497	33
497	858
497	395
498	585
498	696
498	767
498	56
498	399
498	644
498	917
498	266
498	524
498	265
499	265
499	767
499	58
499	43
499	289
499	73
499	725
499	709
499	923
499	18
500	315
500	919
500	926
500	322
500	924
500	395
500	643
500	33
500	94
500	918
501	155
501	919
501	9
501	265
501	586
501	706
501	402
501	369
501	987
501	58
502	56
502	630
502	114
502	987
502	9
502	634
502	267
502	909
502	361
502	526
503	987
503	56
503	919
503	612
503	154
503	858
503	644
503	119
503	57
503	986
504	9
504	987
504	630
504	56
504	919
504	858
504	95
504	619
504	172
504	240
505	704
505	240
505	408
505	344
505	749
505	120
505	227
505	924
505	612
505	633
506	144
506	696
506	858
506	919
506	321
506	865
506	463
506	527
506	820
506	155
507	987
507	740
507	612
507	9
507	924
507	524
507	630
507	119
507	315
507	696
508	827
508	209
508	945
508	104
508	346
508	625
508	958
508	60
508	131
508	215
509	924
509	767
509	762
509	633
509	917
509	698
509	373
509	585
509	114
509	858
510	9
510	315
510	49
510	849
510	942
510	527
510	754
510	33
510	56
510	988
511	260
511	907
511	562
511	640
511	427
511	261
511	344
511	937
511	855
511	894
512	95
512	527
512	326
512	448
512	838
512	584
512	322
512	571
512	321
512	827
513	43
513	527
513	365
513	835
513	987
513	175
513	879
513	505
513	919
513	526
514	9
514	448
514	315
514	384
514	49
514	586
514	838
514	958
514	395
514	987
515	619
515	322
515	977
515	909
515	629
515	42
515	185
515	585
515	696
515	373
516	706
516	261
516	868
516	334
516	862
516	299
516	191
516	540
516	672
516	912
517	120
517	43
517	926
517	585
517	643
517	925
517	888
517	522
517	162
517	296
518	919
518	315
518	987
518	644
518	94
518	858
518	924
518	633
518	267
518	296
519	919
519	987
519	644
519	315
519	925
519	120
519	585
519	612
519	267
519	119
520	919
520	634
520	58
520	909
520	345
520	262
520	311
520	696
520	491
520	119
521	9
521	322
521	968
521	917
521	60
521	924
521	77
521	163
521	373
521	240
522	185
522	898
522	300
522	942
522	810
522	524
522	512
522	9
522	240
522	644
523	322
523	56
523	9
523	265
523	449
523	395
523	262
523	919
523	968
523	365
524	917
524	898
524	585
524	706
524	924
524	696
524	238
524	226
524	767
524	267
525	95
525	919
525	749
525	633
525	234
525	656
525	924
525	826
525	505
525	77
526	987
526	924
526	619
526	226
526	399
526	384
526	634
526	58
526	300
526	977
527	586
527	318
527	289
527	265
527	402
527	968
527	585
527	154
527	272
527	234
528	9
528	267
528	384
528	987
528	958
528	32
528	630
528	56
528	238
528	95
529	919
529	56
529	644
529	120
529	267
529	943
529	633
529	832
529	925
529	619
530	977
530	306
530	361
530	388
530	789
530	987
530	442
530	326
530	315
530	107
531	630
531	987
531	925
531	943
531	119
531	315
531	924
531	612
531	296
531	644
532	9
532	987
532	585
532	77
532	830
532	322
532	612
532	269
532	761
532	94
533	9
533	736
533	627
533	155
533	43
533	703
533	321
533	762
533	986
533	120
534	924
534	318
534	226
534	986
534	898
534	384
534	767
534	943
534	315
534	238
535	924
535	644
535	619
535	919
535	95
535	943
535	120
535	585
535	925
535	709
536	37
536	754
536	898
536	698
536	704
536	439
536	95
536	976
536	269
536	511
537	919
537	644
537	924
537	526
537	120
537	95
537	926
537	586
537	629
537	858
538	95
538	9
538	344
538	268
538	527
538	644
538	977
538	120
538	749
538	612
539	265
539	262
539	924
539	919
539	77
539	342
539	155
539	696
539	749
539	743
540	176
540	968
540	743
540	706
540	909
540	252
540	930
540	79
540	740
540	585
541	919
541	241
541	432
541	678
541	318
541	580
541	673
541	49
541	643
541	17
542	155
542	322
542	240
542	810
542	43
542	402
542	919
542	761
542	960
542	522
543	315
543	630
543	56
543	633
543	619
543	585
543	162
543	527
543	384
543	704
544	77
544	234
544	584
544	971
544	858
544	269
544	322
544	526
544	936
544	576
545	862
545	515
545	794
545	527
545	185
545	819
545	423
545	687
545	847
545	216
546	612
546	919
546	384
546	924
546	704
546	344
546	810
546	987
546	908
546	917
547	924
547	527
547	943
547	524
547	522
547	926
547	32
547	267
547	585
547	266
548	384
548	326
548	315
548	114
548	585
548	322
548	924
548	898
548	526
548	633
549	585
549	18
549	924
549	527
549	9
549	810
549	586
549	898
549	95
549	240
550	924
550	987
550	754
550	527
550	105
550	300
550	185
550	438
550	238
550	380
551	191
551	582
551	919
551	917
551	311
551	633
551	413
551	899
551	584
551	749
552	522
552	977
552	137
552	318
552	322
552	698
552	432
552	233
552	898
552	419
553	585
553	977
553	344
553	449
553	9
553	859
553	265
553	907
553	43
553	226
554	120
554	754
554	988
554	563
554	56
554	384
554	527
554	77
554	586
554	49
555	344
555	749
555	9
555	267
555	858
555	574
555	83
555	114
555	917
555	300
556	924
556	888
556	56
556	120
556	925
556	322
556	524
556	612
556	571
556	585
557	749
557	120
557	633
557	119
557	619
557	448
557	644
557	924
557	58
557	365
558	644
558	924
558	120
558	56
558	943
558	987
558	95
558	488
558	226
558	835
559	574
559	342
559	709
559	155
559	522
559	395
559	810
559	820
559	749
559	766
560	639
560	839
560	703
560	116
560	207
560	26
560	507
560	832
560	455
560	318
561	924
561	315
561	56
561	526
561	95
561	629
561	633
561	120
561	926
561	119
562	262
562	300
562	924
562	706
562	749
562	365
562	265
562	704
562	444
562	260
563	56
563	384
563	942
563	226
563	463
563	234
563	455
563	762
563	565
563	321
564	52
564	919
564	247
564	368
564	95
564	810
564	353
564	191
564	326
564	931
565	267
565	226
565	630
565	344
565	114
565	696
565	634
565	269
565	709
565	94
566	924
566	56
566	888
566	612
566	95
566	633
566	296
566	858
566	943
566	395
567	300
567	706
567	839
567	226
567	696
567	265
567	321
567	343
567	81
567	11
568	384
568	630
568	987
568	644
568	322
568	918
568	810
568	345
568	265
568	321
569	265
569	586
569	630
569	226
569	56
569	527
569	749
569	43
569	644
569	321
570	9
570	924
570	289
570	619
570	640
570	491
570	300
570	630
570	402
570	987
571	987
571	698
571	966
571	83
571	107
571	240
571	886
571	810
571	499
571	988
572	344
572	322
572	107
572	748
572	798
572	401
572	569
572	58
572	114
572	182
573	300
573	736
573	762
573	370
573	344
573	574
573	986
573	408
573	265
573	271
574	898
574	630
574	322
574	987
574	260
574	265
574	185
574	361
574	586
574	633
575	705
575	586
575	162
575	247
575	155
575	226
575	619
575	227
575	540
575	839
576	810
576	919
576	457
576	442
576	448
576	976
576	987
576	326
576	182
576	276
577	696
577	265
577	919
577	633
577	491
577	749
577	34
577	8
577	9
577	318
578	630
578	162
578	704
578	810
578	324
578	743
578	924
578	56
578	644
578	693
579	43
579	344
579	154
579	858
579	612
579	265
579	185
579	274
579	964
579	114
580	987
580	644
580	267
580	629
580	322
580	943
580	925
580	33
580	56
580	924
581	704
581	43
581	696
581	238
581	460
581	904
581	842
581	633
581	331
581	736
582	924
582	919
582	644
582	56
582	120
582	926
582	58
582	267
582	43
582	210
583	267
583	315
583	698
583	630
583	344
583	43
583	56
583	527
583	924
583	585
584	924
584	585
584	630
584	987
584	315
584	119
584	524
584	977
584	925
584	365
585	630
585	210
585	461
585	639
585	114
585	83
585	762
585	375
585	264
585	703
586	384
586	951
586	835
586	60
586	185
586	798
586	839
586	736
586	841
586	968
587	924
587	296
587	709
587	943
587	322
587	33
587	619
587	633
587	95
587	66
588	155
588	344
588	384
588	77
588	853
588	572
588	736
588	267
588	238
588	453
589	629
589	527
589	633
589	943
589	33
589	365
589	571
589	832
589	986
589	119
590	704
590	95
590	585
590	827
590	58
590	267
590	505
590	448
590	919
590	987
591	644
591	56
591	267
591	960
591	322
591	943
591	266
591	924
591	633
591	365
592	315
592	987
592	749
592	522
592	365
592	57
592	574
592	56
592	514
592	361
593	120
593	858
593	919
593	95
593	33
593	926
593	629
593	802
593	296
593	810
594	315
594	919
594	630
594	296
594	95
594	932
594	269
594	225
594	923
594	987
595	269
595	343
595	226
595	917
595	522
595	584
595	862
595	633
595	360
595	704
596	522
596	749
596	321
596	491
596	241
596	924
596	973
596	633
596	743
596	488
597	924
597	633
597	527
597	919
597	619
597	267
597	926
597	296
597	749
597	571
598	183
598	754
598	293
598	155
598	226
598	693
598	209
598	322
598	60
598	743
599	630
599	987
599	120
599	95
599	924
599	267
599	315
599	698
599	644
599	265
600	321
600	9
600	527
600	987
600	644
600	585
600	909
600	318
600	633
600	77
601	9
601	463
601	585
601	95
601	56
601	820
601	973
601	579
601	630
601	247
602	9
602	827
602	619
602	455
602	708
602	924
602	709
602	637
602	137
602	738
603	919
603	526
603	585
603	155
603	933
603	227
603	879
603	951
603	810
603	572
604	740
604	522
604	643
604	987
604	315
604	395
604	926
604	56
604	94
604	267
605	154
605	49
605	236
605	937
605	321
605	726
605	463
605	152
605	942
605	56
606	321
606	322
606	696
606	402
606	634
606	585
606	162
606	909
606	942
606	937
607	919
607	633
607	987
607	924
607	574
607	315
607	656
607	94
607	185
607	644
608	630
608	267
608	767
608	120
608	644
608	987
608	943
608	114
608	924
608	633
609	977
609	630
609	188
609	584
609	987
609	8
609	162
609	743
609	749
609	240
610	656
610	898
610	619
610	318
610	321
610	384
610	987
610	743
610	49
610	163
611	56
611	749
611	315
611	937
611	322
611	9
611	930
611	365
611	977
611	402
612	524
612	919
612	321
612	262
612	612
612	226
612	9
612	120
612	898
612	315
613	9
613	919
613	238
613	296
613	120
613	344
613	924
613	630
613	315
613	891
614	656
614	858
614	9
614	527
614	114
614	749
614	919
614	643
614	646
614	888
615	344
615	696
615	977
615	591
615	8
615	893
615	321
615	858
615	629
615	488
616	182
616	300
616	238
616	9
616	898
616	225
616	11
616	95
616	73
616	463
617	265
617	408
617	143
617	267
617	172
617	512
617	873
617	370
617	872
617	222
618	706
618	344
618	408
618	749
618	208
618	612
618	269
618	977
618	586
618	767
619	909
619	181
619	161
619	265
619	986
619	628
619	105
619	18
619	805
619	738
620	585
620	58
620	322
620	384
620	365
620	703
620	977
620	743
620	265
620	810
621	449
621	9
621	810
621	60
621	656
621	585
621	315
621	633
621	909
621	522
622	919
622	527
622	9
622	633
622	94
622	120
622	461
622	591
622	977
622	342
623	56
623	919
623	630
623	924
623	586
623	749
623	9
623	326
623	916
623	402
624	698
624	49
624	43
624	57
624	946
624	165
624	86
624	596
624	587
624	458
625	619
625	267
625	802
625	630
625	162
625	698
625	9
625	419
625	924
625	789
626	527
626	365
626	419
626	706
626	216
626	288
626	384
626	698
626	181
626	529
627	449
627	49
627	909
627	384
627	608
627	374
627	735
627	907
627	268
627	706
628	919
628	706
628	185
628	987
628	524
628	526
628	189
628	816
628	250
628	858
629	696
629	858
629	267
629	977
629	57
629	344
629	937
629	491
629	399
629	930
630	188
630	810
630	838
630	258
630	126
630	628
630	705
630	977
630	735
630	86
631	909
631	266
631	919
631	749
631	858
631	95
631	265
631	449
631	924
631	633
632	987
632	644
632	322
632	926
632	924
632	919
632	120
632	925
632	858
632	643
633	342
633	111
633	754
633	887
633	95
633	255
633	863
633	214
633	695
633	808
634	942
634	973
634	300
634	315
634	527
634	321
634	839
634	176
634	226
634	326
635	987
635	919
635	925
635	644
635	267
635	629
635	8
635	322
635	324
635	442
636	924
636	898
636	704
636	342
636	586
636	370
636	634
636	119
636	321
636	619
637	172
637	185
637	261
637	300
637	559
637	919
637	586
637	442
637	698
637	226
638	315
638	919
638	924
638	630
638	120
638	888
638	987
638	226
638	527
638	526
639	419
639	267
639	49
639	240
639	988
639	919
639	234
639	797
639	361
639	737
640	919
640	644
640	119
640	924
640	344
640	524
640	888
640	120
640	586
640	619
641	324
641	574
641	736
641	1
641	874
641	297
641	428
641	772
641	267
641	548
642	9
642	315
642	120
642	384
642	943
642	267
642	987
642	696
642	574
642	644
643	444
643	265
643	696
643	743
643	562
643	241
643	185
643	455
643	748
643	942
644	919
644	630
644	749
644	924
644	619
644	315
644	66
644	643
644	810
644	114
645	943
645	925
645	120
645	767
645	296
645	95
645	629
645	926
645	226
645	162
646	265
646	924
646	318
646	987
646	630
646	909
646	743
646	527
646	266
646	344
647	9
647	924
647	42
647	261
647	630
647	919
647	633
647	95
647	119
647	943
648	315
648	644
648	120
648	924
648	925
648	94
648	324
648	33
648	888
648	77
649	56
649	924
649	888
649	943
649	395
649	120
649	527
649	296
649	226
649	522
650	924
650	827
650	324
650	917
650	226
650	94
650	633
650	300
650	585
650	526
651	322
651	619
651	704
651	265
651	94
651	114
651	365
651	384
651	930
651	176
652	706
652	585
652	767
652	402
652	114
652	273
652	854
652	262
652	898
652	853
653	315
653	919
653	943
653	696
653	395
653	925
653	384
653	56
653	119
653	527
654	384
654	522
654	943
654	395
654	267
654	524
654	709
654	119
654	66
654	633
